Indeks;Emne;Modul;Tema;Spørsmål;Riktig svar;Nesten riktig;Litt riktig;Feil svar
1;TEK1210;M1;Krefter;Hva er normalkraft?;Kraft vinkelrett på kontaktflaten;Kraft fra underlaget som alltid peker oppover;Kraft som hindrer bevegelse;Kraft parallelt med kontaktflaten
2;TEK1210;M1;Krefter;Hva er en kraft?;En påvirkning som kan endre bevegelse eller form;En påvirkning som endrer bevegelse;En påvirkning på et legeme;Energi som lagres i et legeme
3;TEK1210;M1;Krefter;Hva sier aksjon–reaksjonsloven?;Krefter opptrer parvis, like store og motsatt rettet;Aksjon og reaksjon er like store;To krefter virker motsatt;Alle krefter er i likevekt
4;TEK1210;M1;Krefter;Hva er en kraft–motkraft?;To like store, motsatt rettede krefter på ulike legemer;To motsatt rettede krefter;To krefter med samme størrelse;To krefter på samme legeme
5;TEK1210;M1;Krefter;Virker kraft og motkraft på samme legeme?;Nei, de virker på hvert sitt legeme;Nei, men de virker i samme punkt;Vanligvis ikke;Ja, alltid
6;TEK1210;M1;Krefter;Er kraft og motkraft like store?;Ja, alltid;Ja, når systemet er i ro;Ofte;Nei, motkraften er mindre
7;TEK1210;M1;Krefter;Hva er en normalkraft?;Kontaktkraft vinkelrett på kontaktflaten;Kraft fra underlaget vinkelrett oppover;Kraft fra underlaget;Kraft parallelt med kontaktflaten
8;TEK1210;M1;Krefter;Hvilken retning har normalkraften?;Vinkelrett på kontaktflaten;Opp fra kontaktflaten;Motsatt tyngdekraften;Parallelt med kontaktflaten
9;TEK1210;M1;Krefter;Når oppstår normalkraft?;Når legemer er i kontakt;Når et legeme ligger på et underlag;Når et legeme står stille;Når et legeme faller fritt
10;TEK1210;M1;Krefter;Er normalkraft alltid lik tyngden?;Nei, den avhenger av situasjonen;Nei, ikke på skråplan;Bare ved bevegelse;Ja, alltid
11;TEK1210;M1;Krefter;Hva er gravitasjonskraft?;Tiltrekningskraft mellom masser;Jordas tiltrekning på et legeme;En kraft som virker nedover;Kraft fra underlaget
12;TEK1210;M1;Krefter;Hva er tyngdekraft?;Jordas gravitasjonskraft på et legeme;Gravitasjonskraft nær jordoverflaten;En kraft som peker nedover;Legemets masse
13;TEK1210;M1;Krefter;Hvilken retning har tyngdekraften?;Mot jordas sentrum;Vertikalt ned ved jordoverflaten;Alltid nedover;Vinkelrett på underlaget
14;TEK1210;M1;Krefter;Hva bestemmer tyngdekraftens størrelse?;Masse og tyngdeakselerasjon;Legemets masse;Masse og hastighet;Legemets volum
15;TEK1210;M1;Krefter;Hva er uttrykket for tyngdekraft?;F = mg;F = ma;F = m/g;F = mv
16;TEK1210;M1;Krefter;Hva er g nær jordoverflaten?;Ca. 9,81 m/s²;Ca. 10 m/s²;Ca. 9,81 m/s;Ca. 1 m/s²
17;TEK1210;M1;Krefter;Hva er snorkraft?;Strekkraft som virker langs en stram snor;Kraft som virker langs en snor;Kraft i en snor;Kraft vinkelrett på snora
18;TEK1210;M1;Krefter;Hvilken retning har snorkraften?;Langs snora og bort fra legemet;Langs snora;Mot festepunktet;Vinkelrett på snora
19;TEK1210;M1;Krefter;Kan en snor skyve et legeme?;Nei, en ideell snor kan bare trekke;Nei, en stram snor trekker;Vanligvis ikke;Ja, når snora er stram
20;TEK1210;M1;Krefter;Når oppstår snorkraft?;Når en stram snor belastes;Når en snor trekkes;Når en snor er festet;Når snora er slakk
21;TEK1210;M1;Krefter;Hva er friksjonskraft?;Kontaktkraft som motvirker relativ bevegelse;Kraft som motvirker bevegelse;Motstand mellom flater;Kraft som øker bevegelsen
22;TEK1210;M1;Krefter;Hvilken retning har friksjonskraften?;Mot relativ bevegelse eller bevegelsestendens;Motsatt bevegelsesretningen;Langs kontaktflaten;Vinkelrett på kontaktflaten
23;TEK1210;M1;Krefter;Hva påvirker friksjonskraften?;Normalkraft og friksjonskoeffisient;Normalkraft og overflatetype;Kontakt mellom flatene;Bare kontaktarealet
24;TEK1210;M1;Krefter;Hva er friksjonskoeffisienten?;Forholdstall som beskriver friksjon mellom flater;Et mål på friksjon mellom flater;En materialegenskap;En kraft målt i newton
25;TEK1210;M1;Krefter;Hva er fjærkraft?;Kraft fra en deformert fjær;Kraft fra en strukket fjær;Kraft i en fjær;Fjærens tyngdekraft
26;TEK1210;M1;Krefter;Hva sier Hookes lov?;Fjærkraften er proporsjonal med deformasjonen;Fjærkraften øker med deformasjonen;En strukket fjær gir kraft;Fjærkraften er konstant
27;TEK1210;M1;Krefter;Hva er uttrykket for fjærkraftens størrelse?;F = kx;F = ma;F = mg;F = k/x
28;TEK1210;M1;Krefter;Hva beskriver fjærkonstanten k?;Fjærens stivhet;Hvor sterk fjæren er;Fjærens deformasjon;Fjærens lengde
29;TEK1210;M1;Krefter;Hva er en påtrykt kraft?;En ytre kraft påført et legeme;En kraft fra en ytre påvirkning;En kraft på et legeme;En indre kraft i materialet
30;TEK1210;M1;Krefter;Kan en påtrykt kraft trekke eller skyve?;Ja, den kan gjøre begge deler;Ja, avhengig av retningen;Den kan påvirke legemet;Nei, den kan bare skyve
31;TEK1210;M1;Krefter;Hva er SI-enheten for kraft?;Newton (N);N;kg·m/s²;Joule (J)
31;TEK1210;M3;Momenter;Hva er et kraftmoment?;En krafts dreievirkning om et punkt;En kraft som skaper rotasjon;Virkningen av en kraft på en arm;En kraft som flytter et legeme rett fram
32;TEK1210;M3;Momenter;Hva bestemmer størrelsen på et moment?;Kraften og den vinkelrette momentarmen;Kraften og avstanden til dreiepunktet;Kraftens størrelse og arm;Bare kraftens størrelse
33;TEK1210;M3;Momenter;Hva er uttrykket for moment ved vinkelrett kraft?;M = F · l;M = kraft ganger arm;Kraft multiplisert med avstand;M = F / l
34;TEK1210;M3;Momenter;Hva er en momentarm?;Vinkelrett avstand fra dreiepunkt til kraftens virkelinje;Avstand fra dreiepunkt til kraften;Avstanden mellom kraft og dreiepunkt;Lengden på hele armen
35;TEK1210;M3;Momenter;Hva er SI-enheten for moment?;Newtonmeter (Nm);N · m;Newton ganger meter;Newton (N)
36;TEK1210;M3;Momenter;Hva skjer med momentet når kraften dobles?;Momentet dobles;Momentet øker tilsvarende;Momentet blir større;Momentet halveres
37;TEK1210;M3;Momenter;Hva skjer når momentarmen dobles?;Momentet dobles;Dreievirkningen dobles;Momentet øker;Momentet er uendret
38;TEK1210;M3;Momenter;Hvordan kan samme moment oppnås med mindre kraft?;Øk momentarmen;Bruk en lengre arm;Flytt kraften lenger fra dreiepunktet;Reduser momentarmen
39;TEK1210;M3;Momenter;Hvor bør du gripe en fastnøkkel for størst moment?;Lengst mulig fra bolten;Ytterst på håndtaket;Et stykke fra bolten;Nærmest mulig bolten
40;TEK1210;M3;Momenter;Hvorfor gjør en lang fastnøkkel arbeidet lettere?;Større momentarm gir mindre nødvendig kraft;Den lange armen øker momentet;Den gir større dreievirkning;Den gjør bolten lettere
41;TEK1210;M3;Momenter;Hva er en hevarm?;En stiv arm som roterer om et dreiepunkt;En arm med et fast dreiepunkt;En arm som overfører kraft;En arm uten dreiepunkt
42;TEK1210;M3;Momenter;Hva er prinsippet for en hevarm?;Momentene rundt dreiepunktet bestemmer kraftforholdet;Kraft og armlengde bestemmer virkningen;En lang arm kan forsterke kraft;Begge krefter må være like
43;TEK1210;M3;Momenter;Hvordan kan en hevarm forsterke kraft?;Lang kraftarm og kort lastarm;Gjør kraftarmen lengre enn lastarmen;Øk avstanden til dreiepunktet;Gjør begge armene like lange
44;TEK1210;M3;Momenter;Hva er mekanisk utveksling for en hevarm?;Forholdet mellom kraftarm og lastarm;Forholdet mellom de to armene;Forholdet mellom kreftene;Summen av armlengdene
45;TEK1210;M3;Momenter;Hva ofres når en hevarm forsterker kraft?;Bevegelseslengde;Større vei på kraftsiden;Mer bevegelse;Masse
46;TEK1210;M3;Momenter;Hvorfor må kraften beveges lengre ved kraftforsterkning?;Arbeid bevares ideelt: mindre kraft krever lengre vei;Mindre kraft krever større bevegelse;Hevarmen må beveges mer;Momentet forsvinner
47;TEK1210;M3;Momenter;Hva skjer med kraften når bevegelsesveien økes i en ideell mekanisme?;Nødvendig kraft kan reduseres;Kraften blir mindre;Kraft og vei byttes mot hverandre;Kraften blir større
48;TEK1210;M3;Momenter;Hvorfor sitter et dørhåndtak langt fra hengslene?;Stor momentarm gir stort moment med liten kraft;Det reduserer nødvendig kraft;Det gir større moment;For å øke dørens masse
49;TEK1210;M3;Momenter;Hvorfor plasseres pedalen langt fra sykkelkrankens sentrum?;Større momentarm gir større dreiemoment;Lengre arm øker momentet;Det gir bedre kraftvirkning;Det øker pedalens hastighet
50;TEK1210;M3;Momenter;Hva er hovedfordelen med en hevarm?;Den kan redusere nødvendig kraft ved å øke bevegelsesveien;Den kan forsterke kraft;Den gjør tung last lettere å flytte;Den reduserer nødvendig arbeid
51;TEK1210;M2;Newtons lover;Hva sier Newtons 1. lov?;Et legeme beholder konstant fart når resultantkraften er null;Et legeme fortsetter med samme fart uten ytre kraft;Et legeme fortsetter å bevege seg;Et legeme stopper når kraften opphører
52;TEK1210;M2;Newtons lover;Hva kalles Newtons 1. lov?;Treghetsloven;Loven om treghet;Likevektsloven;Kraftloven
53;TEK1210;M2;Newtons lover;Hva er treghet?;Motstand mot endring av bevegelsestilstand;Motstand mot endring av fart;Et legemes motstand mot bevegelse;Motstand på grunn av friksjon
54;TEK1210;M2;Newtons lover;Hva bestemmer et legemes treghet?;Massen;Mengden masse;Tyngden;Hastigheten
55;TEK1210;M2;Newtons lover;Hva skjer med et legeme i ro når resultantkraften er null?;Det forblir i ro;Det beholder sin tilstand;Det beveger seg ikke;Det begynner å akselerere
56;TEK1210;M2;Newtons lover;Hva skjer med et legeme i bevegelse når resultantkraften er null?;Det fortsetter med konstant hastighet;Det fortsetter med samme fart og retning;Det fortsetter å bevege seg;Det bremser gradvis ned
57;TEK1210;M2;Newtons lover;Kreves det kraft for å opprettholde konstant fart uten motstand?;Nei;Nei, hvis resultantkraften er null;Bare en liten kraft;Ja, alltid
58;TEK1210;M2;Newtons lover;Hvorfor stopper en ball som ruller på gulvet?;Friksjon og rullemotstand gir en resultantkraft;Friksjonen bremser ballen;Gulvet gir motstand;Kraften som startet ballen tar slutt
59;TEK1210;M2;Newtons lover;Hva sier Newtons 2. lov?;Resultantkraften er lik masse ganger akselerasjon;Kraft er masse ganger akselerasjon;Kraft gir akselerasjon;Kraft er masse ganger fart
60;TEK1210;M2;Newtons lover;Hva er formelen for Newtons 2. lov?;ΣF = ma;F = ma;F = m · a;F = mg
61;TEK1210;M2;Newtons lover;Hva betyr ΣF i Newtons 2. lov?;Summen av alle ytre krefter;Resultanten av kreftene;Alle krefter samlet;Den største kraften
62;TEK1210;M2;Newtons lover;Hva skjer med akselerasjonen når resultantkraften øker?;Den øker proporsjonalt ved konstant masse;Akselerasjonen øker;Farten øker raskere;Massen øker
63;TEK1210;M2;Newtons lover;Hva skjer med akselerasjonen når massen øker ved samme kraft?;Den reduseres;Akselerasjonen blir mindre;Legemet blir vanskeligere å akselerere;Akselerasjonen øker
64;TEK1210;M2;Newtons lover;Hvilken retning har akselerasjonen?;Samme retning som resultantkraften;I resultantkraftens retning;I kraftens retning;Alltid i bevegelsesretningen
65;TEK1210;M2;Newtons lover;Hva er SI-enheten for akselerasjon?;m/s²;Meter per sekund i sekundet;m/s per sekund;Newton
66;TEK1210;M2;Newtons lover;Hva er SI-enheten for masse?;Kilogram (kg);kg;Kilogram;Newton
67;TEK1210;M2;Newtons lover;Hva tilsvarer én newton?;1 kg·m/s²;Kraft som akselererer 1 kg med 1 m/s²;Masse ganger akselerasjon;1 kg·m/s
68;TEK1210;M2;Newtons lover;Hva skjer når ΣF = 0?;Akselerasjonen er null;Farten endres ikke;Legemet er i likevekt;Legemet må stå stille
69;TEK1210;M2;Newtons lover;Kan et legeme bevege seg når ΣF = 0?;Ja, med konstant hastighet;Ja, med konstant fart og retning;Ja, uten akselerasjon;Nei
70;TEK1210;M2;Newtons lover;Kan et legeme akselerere med konstant fart?;Ja, dersom retningen endres;Ja, ved retningsendring;Ja, i en sving;Nei, akselerasjon krever økt fart
71;TEK1210;M2;Newtons lover;Hva sier Newtons 3. lov?;To legemer påvirker hverandre med like store og motsatt rettede krefter;Kraft og motkraft er like store og motsatt rettet;Krefter opptrer parvis;Resultantkraften er alltid null
72;TEK1210;M2;Newtons lover;Hva kalles Newtons 3. lov ofte?;Loven om kraft og motkraft;Aksjon–reaksjon;Loven om kraftpar;Treghetsloven
73;TEK1210;M2;Newtons lover;Hvor virker kraft og motkraft?;På hvert sitt legeme;På to forskjellige legemer;På legemene som påvirker hverandre;På samme legeme
74;TEK1210;M2;Newtons lover;Er kraft og motkraft like store?;Ja, alltid;Ja, og motsatt rettet;Ja;Bare når legemene er i ro
75;TEK1210;M2;Newtons lover;Har kraft og motkraft motsatt retning?;Ja, alltid;Ja, langs samme virkelinje;Ja;Bare ved kontakt
76;TEK1210;M2;Newtons lover;Hvorfor opphever ikke kraft og motkraft hverandre?;De virker på forskjellige legemer;De virker på hvert sitt legeme;De inngår i ulike kraftdiagrammer;De har forskjellig størrelse
77;TEK1210;M2;Newtons lover;Hva skyver en bil framover ved akselerasjon?;Statisk friksjonskraft fra veien på hjulene;Veien skyver hjulene framover;Friksjonen mot veien;Motoren skyver bilen direkte framover
78;TEK1210;M2;Newtons lover;Hvordan kan en rakett akselerere i verdensrommet?;Eksosgassen og raketten påvirker hverandre med motsatte krefter;Raketten skyver gass bakover og får motkraft framover;Gassen skyver raketten framover;Raketten skyver mot lufta
79;TEK1210;M2;Newtons lover;Hvorfor beveger du deg bakover når du hopper fra en båt?;Du skyver båten én vei og båten skyver deg motsatt vei;Kraft og motkraft virker motsatt;Båten reagerer på kraften din;Vannet trekker deg bakover
80;TEK1210;M2;Newtons lover;Hvilken Newton-lov brukes direkte i et kraftdiagram for å finne akselerasjon?;Newtons 2. lov;ΣF = ma;Loven om kraft og akselerasjon;Newtons 3. lov
81;TEK1210;M3;FLD;Hva er et fritt-legeme-diagram (FLD)?;En skisse av et isolert legeme med alle ytre krefter;En skisse som viser kreftene på et legeme;En skisse av legemet og kreftene;En detaljert tegning av konstruksjonen
82;TEK1210;M3;FLD;Hva gjør vi først når vi lager et FLD?;Isolerer legemet som skal analyseres;Velger legemet som skal analyseres;Tegner legemet;Beregner kreftene
83;TEK1210;M3;FLD;Hvilke krefter skal vises i et FLD?;Alle ytre krefter på det isolerte legemet;Alle krefter som virker på legemet;Påførte krefter og reaksjonskrefter;Bare kjente krefter
84;TEK1210;M3;FLD;Skal indre krefter vises i FLD for hele legemet?;Nei;Nei, bare ytre krefter;Normalt ikke;Ja, alltid
85;TEK1210;M3;FLD;Hvordan tegnes en kraft i et FLD?;Som en pil med størrelse, retning og angrepspunkt;Som en pil med retning og navn;Som en kraftpil;Som en linje uten retning
86;TEK1210;M3;FLD;Hva viser pilretningen i et FLD?;Kraftens antatte virkningsretning;Retningen kraften virker;Kraftens retning;Legemets bevegelsesretning
87;TEK1210;M3;FLD;Hvordan representeres tyngdekraften?;Som en kraft nedover gjennom massesenteret;Som en pil vertikalt nedover;Som en nedoverrettet kraft;Som en kraft vinkelrett på underlaget
88;TEK1210;M3;FLD;Hvor angriper tyngdekraften i en enkel modell?;I legemets massesenter;I tyngdepunktet;Omtrent midt i legemet;I kontaktpunktet med underlaget
89;TEK1210;M3;FLD;Hvordan tegnes normalkraften?;Vinkelrett på kontaktflaten;Vinkelrett ut fra underlaget;Som en kontaktkraft;Alltid vertikalt opp
90;TEK1210;M3;FLD;Hvordan tegnes friksjonskraften?;Langs kontaktflaten mot relativ bevegelse eller bevegelsestendens;Langs flaten mot bevegelsen;Parallelt med kontaktflaten;Vinkelrett på kontaktflaten
91;TEK1210;M3;FLD;Hvordan tegnes snorkraften?;Langs snora og bort fra legemet;Langs snora mot festepunktet;I snoras retning;Vinkelrett på snora
92;TEK1210;M3;FLD;Hva skjer med en kontakt når legemet isoleres?;Kontakten erstattes av reaksjonskraften;Kontakten erstattes av krefter;Støtten fjernes og kraften tegnes;Kontakten fjernes uten erstatning
93;TEK1210;M3;FLD;Hva erstatter et glatt underlag i et FLD?;En normalkraft;En reaksjonskraft normalt på flaten;En kontaktkraft;En friksjonskraft
94;TEK1210;M3;FLD;Hva kan et ru underlag gi i et FLD?;Normalkraft og friksjonskraft;En normal- og en tangentialkraft;To kontaktkrefter;Bare normalkraft
95;TEK1210;M3;FLD;Skal kraft og motkraft tegnes i samme FLD?;Nei, hvis de virker på forskjellige legemer;Nei, de tilhører hvert sitt legeme;Vanligvis ikke;Ja, de må alltid tegnes sammen
96;TEK1210;M3;FLD;Hvorfor velger vi et koordinatsystem i et FLD?;For å dele krefter i komponenter og sette opp ligninger;For å bestemme kraftkomponentene;For å angi retninger;For å bestemme legemets størrelse
97;TEK1210;M3;FLD;Hvordan velges ofte akser på et skråplan?;Parallelt og vinkelrett på planet;Én akse langs planet og én normalt på det;Etter kontaktflaten;Alltid horisontalt og vertikalt
98;TEK1210;M3;FLD;Hvorfor deles en skrå kraft i komponenter?;For å uttrykke kraften langs valgte koordinatakser;For å finne kraftens x- og y-bidrag;For å gjøre beregningen enklere;For å lage to nye krefter
99;TEK1210;M3;FLD;Hva gjør vi etter at FLD er tegnet?;Setter opp bevegelses- eller likevektsligninger;Summerer kreftene i valgte retninger;Bruker Newtons lover;Måler lengden på kraftpilene
100;TEK1210;M3;FLD;Hvorfor er FLD viktig i mekanikk?;Det gir grunnlaget for korrekt kraftanalyse;Det viser hvilke krefter som inngår i analysen;Det gjør kraftbildet tydelig;Det viser hvordan konstruksjonen skal produseres
101;TEK1210;M4;Friksjon;Hva er friksjonskraft?;Kontaktkraft som motvirker relativ bevegelse eller bevegelsestendens;Kraft som motvirker relativ bevegelse;Motstand mellom kontaktflater;Kraft som alltid virker mot påført kraft
102;TEK1210;M4;Friksjon;Når oppstår friksjonskraft?;Når kontaktflater har relativ bevegelse eller tendens til bevegelse;Når to flater berører og vil bevege seg relativt;Når to flater er i kontakt;Bare når flater glir
103;TEK1210;M4;Friksjon;Hvilken retning har friksjonskraften?;Mot relativ bevegelse eller bevegelsestendens;Mot bevegelsesretningen;Langs kontaktflaten;Vinkelrett på kontaktflaten
104;TEK1210;M4;Friksjon;Virker friksjon alltid mot legemets bevegelsesretning?;Nei, den virker mot relativ bevegelse i kontaktflaten;Nei, den virker mot glidningen;Vanligvis;Ja, alltid
105;TEK1210;M4;Friksjon;Hvilken vei virker statisk friksjon?;Mot bevegelsen som ellers ville oppstått;Mot den forventede bevegelsen;Mot påført kraft;Alltid motsatt legemets fart
106;TEK1210;M4;Friksjon;Hva er statisk friksjon?;Friksjon mellom kontaktflater uten relativ glidning;Friksjon før flatene begynner å gli;Friksjon på et stillestående legeme;Friksjon som alltid er konstant
107;TEK1210;M4;Friksjon;Hva er glidende friksjon?;Friksjon mellom flater som glir relativt til hverandre;Friksjon når to flater glir;Friksjon under bevegelse;Friksjon uten kontakt
108;TEK1210;M4;Friksjon;Er statisk friksjonskraft alltid maksimal?;Nei, den tilpasser seg opp til en maksimalverdi;Nei, den øker med behovet;Den varierer;Ja, den er alltid μN
109;TEK1210;M4;Friksjon;Hva er maksimal statisk friksjon?;Fₛ,max = μₛN;Friksjonskoeffisient ganger normalkraft;Største friksjon før glidning;F = mg
110;TEK1210;M4;Friksjon;Hva skjer når påført kraft overstiger maksimal statisk friksjon?;Legemet begynner å gli;Statisk friksjon brytes og glidning starter;Legemet begynner å bevege seg;Friksjonskraften blir null
111;TEK1210;M4;Friksjon;Hvordan beregnes glidende friksjon i enkel modell?;Fₖ = μₖN;Friksjonskoeffisient ganger normalkraft;μ ganger normalkraft;F = μmg i alle situasjoner
112;TEK1210;M4;Friksjon;Hva er friksjonskoeffisienten?;Et dimensjonsløst mål på friksjon mellom to flater;Et mål på friksjonsegenskapene til kontaktparet;Et mål på hvor ru flatene er;En kraft målt i newton
113;TEK1210;M4;Friksjon;Har friksjonskoeffisienten en enhet?;Nei, den er dimensjonsløs;Nei;Den er et forholdstall;Ja, newton
114;TEK1210;M4;Friksjon;Hva symboliserer μₛ?;Statisk friksjonskoeffisient;Friksjonskoeffisient før glidning;Statisk friksjon;Normalkraft
115;TEK1210;M4;Friksjon;Hva symboliserer μₖ?;Glidende friksjonskoeffisient;Friksjonskoeffisient under glidning;Glidende friksjon;Statisk friksjonskoeffisient
116;TEK1210;M4;Friksjon;Hvilken er vanligvis størst, μₛ eller μₖ?;μₛ er vanligvis størst;Statisk friksjonskoeffisient;De kan være forskjellige;μₖ er alltid størst
117;TEK1210;M4;Friksjon;Hva er normalkraftens betydning for friksjon?;Større normalkraft gir vanligvis større friksjonskapasitet;Friksjonen øker med normalkraften;Normalkraft påvirker friksjonen;Normalkraft har ingen betydning
118;TEK1210;M4;Friksjon;Dobles glidende friksjon hvis normalkraften dobles?;Ja, i Coulombs enkle friksjonsmodell;Ja, når μ er konstant;Vanligvis øker friksjonen;Nei, friksjonen er uendret
119;TEK1210;M4;Friksjon;Er normalkraft alltid lik tyngdekraften?;Nei, den bestemmes av kraftsituasjonen;Nei, ikke alltid;Bare på enkelte underlag;Ja, N = mg alltid
120;TEK1210;M4;Friksjon;Hva påvirker friksjonskoeffisienten?;Materialer og tilstanden til kontaktflatene;Materialtype og overflate;Overflatens egenskaper;Bare legemets masse
121;TEK1210;M4;Friksjon;Hvordan kan overflateruhet bidra til friksjon?;Ujevnheter kan gripe inn i hverandre;Ujevnheter motvirker glidning;Ru flater gir motstand;Ruhet fjerner kontakt mellom flatene
122;TEK1210;M4;Friksjon;Hva betyr adhesjon ved friksjon?;Tiltrekning og mikroskopiske bindinger mellom kontaktflatene;Binding mellom kontaktflatene;Flatene kan feste seg lokalt;At flatene ikke berører hverandre
123;TEK1210;M4;Friksjon;Skyldes tørrfriksjon bare overflateruhet?;Nei, både deformasjon og adhesjon kan bidra;Nei, adhesjon bidrar også;Flere overflateeffekter bidrar;Ja, bare ruheten bestemmer friksjonen
124;TEK1210;M4;Friksjon;Hva skjer ofte med friksjonen ved smøring?;Friksjonen reduseres;Friksjonskoeffisienten reduseres;Flatene glir lettere;Normalkraften forsvinner
125;TEK1210;M4;Friksjon;Påvirker kontaktarealet tørrfriksjonen i Coulombs enkle modell?;Nei, ikke direkte;Nei, ved samme normalkraft;Vanligvis lite;Ja, dobbelt areal gir dobbelt friksjon
126;TEK1210;M4;Friksjon;Hvorfor kan et legeme stå i ro på et skråplan?;Statisk friksjon kan balansere kraften langs planet;Friksjon hindrer glidning nedover;Friksjon virker opp langs planet;Normalkraften virker opp langs planet
127;TEK1210;M4;Friksjon;Hvilken vei virker friksjonen på et legeme som vil gli ned et skråplan?;Opp langs skråplanet;Mot den kommende glidningen;Oppover langs kontaktflaten;Vinkelrett ut fra planet
128;TEK1210;M4;Friksjon;Kan friksjonskraft virke i samme retning som et legeme beveger seg?;Ja, dersom den motvirker relativ glidning i kontaktflaten;Ja, for eksempel ved rulling uten glidning;Ja, i enkelte situasjoner;Nei, aldri
129;TEK1210;M4;Friksjon;Hva gjør friksjonen mellom bildekk og vei ved akselerasjon?;Statisk friksjon fra veien driver bilen framover;Veien gir en framoverrettet friksjonskraft;Friksjonen gir bilen framdrift;Friksjonen virker alltid bakover
130;TEK1210;M4;Friksjon;Hvorfor er friksjon nødvendig for å gå?;Statisk friksjon fra bakken gir framoverrettet kraft;Bakken skyver foten fram via friksjon;Friksjon hindrer foten i å gli;Friksjonen trekker alltid foten bakover
131;TEK1210;M5;Enkle mekanismer;Hva er en mekanisme?;Et system som overfører eller omformer bevegelse;Et system som overfører bevegelse;Sammenkoblede bevegelige deler;En maskin som alltid produserer arbeid
132;TEK1210;M5;Enkle mekanismer;Hva skiller en maskin fra en mekanisme?;En maskin overfører energi og utfører arbeid;En maskin bruker mekanismer til å utføre arbeid;En maskin består av mekanismer;En mekanisme har alltid motor
133;TEK1210;M5;Enkle mekanismer;Hva studerer kinematikk?;Bevegelse uten å betrakte kreftene som skaper den;Posisjon, hastighet og akselerasjon;Hvordan deler beveger seg;Kreftene som skaper bevegelsen
134;TEK1210;M5;Enkle mekanismer;Hva studerer kinetikk?;Sammenhengen mellom krefter og bevegelse;Krefter som skaper eller endrer bevegelse;Krefter og akselerasjon;Bare mekanismens geometri
135;TEK1210;M5;Enkle mekanismer;Hva er et knutepunkt i en mekanisme?;En forbindelse mellom to eller flere lenker;Et punkt der lenker forbindes;Et bevegelig forbindelsespunkt;Et fast punkt uten forbindelse
136;TEK1210;M5;Enkle mekanismer;Hva er en lenke i en mekanisme?;Et stivt element som forbinder knutepunkter;Et element mellom to ledd;En bevegelig mekanismedel;Et fleksibelt tau
137;TEK1210;M5;Enkle mekanismer;Hva er et kinematisk par?;To lenker med en definert relativ bevegelse;To sammenkoblede lenker som kan bevege seg;En forbindelse mellom to lenker;To lenker som ikke kan bevege seg
138;TEK1210;M5;Enkle mekanismer;Hva er en kinematisk kjede?;Flere lenker koblet sammen med kinematiske par;En kjede av sammenkoblede bevegelige lenker;Flere lenker koblet sammen;En vanlig drivkjede
139;TEK1210;M5;Enkle mekanismer;Når blir en kinematisk kjede en mekanisme?;Når én lenke fikseres og bevegelsen blir bestemt;Når én lenke festes til fundamentet;Når kjeden får styrt bevegelse;Når alle lenkene låses
140;TEK1210;M5;Enkle mekanismer;Hva er en plan mekanisme?;En mekanisme der bevegelsen skjer i parallelle plan;En mekanisme med hovedsakelig todimensjonal bevegelse;En mekanisme som beveger seg i et plan;En mekanisme uten rotasjon
141;TEK1210;M5;Enkle mekanismer;Hva kjennetegner en romlig 3D-mekanisme?;Bevegelsen foregår i tre dimensjoner;Lenkene beveger seg i ulike plan;Bevegelsen er romlig;Den har tre lenker
142;TEK1210;M5;Enkle mekanismer;Hva er en sleidemekanisme?;En mekanisme med lineært glidende bevegelse;En mekanisme med en glidende sleide;En mekanisme som styrer lineær bevegelse;En mekanisme med bare rotasjon
143;TEK1210;M5;Enkle mekanismer;Hva gjør en krank-sleidemekanisme?;Omformer rotasjon til lineær fram-og-tilbake-bevegelse eller omvendt;Omformer rotasjon til lineær bevegelse;Kobler rotasjon og translasjon;Omformer rotasjon til rotasjon
144;TEK1210;M5;Enkle mekanismer;Hva er en krank?;En roterende lenke koblet til en aksel;En arm som roterer om et fast punkt;En roterende arm;En lineært bevegelig sleide
145;TEK1210;M5;Enkle mekanismer;Hva betyr resiprokerende bevegelse?;Gjentatt fram-og-tilbake-bevegelse;Periodisk bevegelse fram og tilbake;Vekslende lineær bevegelse;Kontinuerlig rotasjon
146;TEK1210;M5;Enkle mekanismer;Hvor brukes krank-sleidemekanismen typisk?;I stempelmotorer og kompressorer;I systemer med stempelbevegelse;I motorer;Bare i tannhjulsgir
147;TEK1210;M5;Enkle mekanismer;Hva er en firelenkemekanisme?;Fire lenker koblet sammen i en lukket kinematisk kjede;Fire sammenkoblede lenker med bevegelige ledd;En mekanisme med fire lenker;Fire tannhjul koblet sammen
148;TEK1210;M5;Enkle mekanismer;Hva kan en firelenkemekanisme brukes til?;Å styre og omforme bevegelsesbaner;Å overføre og endre bevegelse;Å styre bevegelse;Bare til å øke rotasjonshastighet
149;TEK1210;M5;Enkle mekanismer;Hva er en kam?;Et profilert element som styrer en følgers bevegelse;En roterende profil som beveger en følger;Et element som gir styrt bevegelse;Et rundt tannhjul
150;TEK1210;M5;Enkle mekanismer;Hva bestemmer bevegelsen til en kamfølger?;Kammens profil;Formen på kammen;Kamgeometrien;Bare kamakselens diameter
151;TEK1210;M5;Enkle mekanismer;Hva gjør en sperremekanisme (ratchet)?;Tillater trinnvis bevegelse og hindrer tilbakerotasjon;Tillater bevegelse én vei og sperrer motsatt vei;Hindrer uønsket tilbakerotasjon;Tillater fri rotasjon begge veier
152;TEK1210;M5;Enkle mekanismer;Hva brukes et genevahjul til?;Å omforme kontinuerlig rotasjon til trinnvis rotasjon;Å skape periodisk trinnvis bevegelse;Å stoppe og starte rotasjon;Å gi kontinuerlig høyere hastighet
153;TEK1210;M5;Enkle mekanismer;Hva kjennetegner en stegvis mekanisme?;Utgangen beveger seg i adskilte trinn;Bevegelse og stopp veksler;Bevegelsen skjer trinnvis;Utgangen beveger seg kontinuerlig
154;TEK1210;M5;Enkle mekanismer;Hva brukes tannhjul til?;Å overføre rotasjon og dreiemoment mellom aksler;Å overføre rotasjon med bestemt utveksling;Å overføre dreiemoment;Bare til å endre rotasjonsretning
155;TEK1210;M5;Enkle mekanismer;Hva bestemmer utvekslingen mellom to tannhjul?;Forholdet mellom tannhjulenes tanntall;Forholdet mellom antall tenner;Størrelsesforholdet mellom hjulene;Tannhjulenes materiale
156;TEK1210;M5;Enkle mekanismer;Hva er en fordel med kjededrift?;Positiv kraftoverføring uten sluring;Den gir fast utveksling uten sluring;Den overfører kraft mellom aksler;Kjedet kan alltid slure ved overbelastning
157;TEK1210;M5;Enkle mekanismer;Hva er en fordel med remdrift?;Enkel og støtdempende kraftoverføring over avstand;Den kan overføre kraft mellom aksler med stor avstand;Den gir fleksibel kraftoverføring;Den kan aldri slure
158;TEK1210;M5;Enkle mekanismer;Hva gjør en skrue som mekanisme?;Omformer rotasjon til lineær bevegelse og kraft;Omformer rotasjon til lineær bevegelse;Flytter en mutter eller skrue aksialt;Omformer lineær bevegelse til fri rotasjon
159;TEK1210;M5;Enkle mekanismer;Hvordan kan en skrue forsterke kraft?;Liten stigning gir stor mekanisk utveksling;Liten stigning reduserer nødvendig drivkraft;Rotasjon fordeles over lang bevegelsesvei;Stor stigning gir alltid størst kraftforsterkning
160;TEK1210;M5;Enkle mekanismer;Hva er hovedhensikten med en enkel mekanisme?;Å overføre eller omforme kraft og bevegelse;Å endre kraft, retning eller bevegelse;Å gjøre en ønsket bevegelse mulig;Å produsere energi
161;TEK1210;M6;Festemidler;Hva er hovedoppgaven til et festemiddel?;Å forbinde to eller flere deler;Å holde deler sammen;Å lage en mekanisk forbindelse;Å redusere materialets styrke
162;TEK1210;M6;Festemidler;Hva er en fordel med bolteforbindelser?;De kan demonteres uten å ødelegges;De kan demonteres og monteres igjen;De gir en løsbar forbindelse;De er alltid permanente
163;TEK1210;M6;Festemidler;Hva er hovedoppgaven til en mutter?;Å skape klemkraft sammen med bolten;Å stramme en bolteforbindelse;Å holde bolten på plass;Å hindre korrosjon
164;TEK1210;M6;Festemidler;Hva er hovedoppgaven til en skive under en bolt eller mutter?;Å fordele kontakttrykket over et større areal;Å fordele klemkraften mot underlaget;Å beskytte kontaktflaten;Å øke boltens diameter
165;TEK1210;M6;Festemidler;Hvorfor forspennes en bolteforbindelse?;For å skape klemkraft mellom delene;For å holde delene fast sammen;For å stramme forbindelsen;For å gjøre bolten lengre
166;TEK1210;M6;Festemidler;Hva kan føre til at en skrueforbindelse løsner?;Vibrasjon og varierende belastning;Vibrasjon og dynamiske krefter;Bevegelse i forbindelsen;Høy friksjon i gjengene
167;TEK1210;M6;Festemidler;Hva er hensikten med gjengelåsing?;Å hindre uønsket rotasjon og løsning;Å hindre at skruen løsner;Å sikre gjengeforbindelsen;Å redusere skruens styrke
168;TEK1210;M6;Festemidler;Hvordan virker kjemisk gjengelåsing?;Et lim herder mellom gjengeflatene;Låsemiddel binder gjengene sammen;Væske påføres gjengene;Gjengene smeltes sammen
169;TEK1210;M6;Festemidler;Hva gjør en låsemutter?;Motvirker at mutteren roterer løs;Øker motstanden mot løsning;Sikrer mutteren mot vibrasjon;Gjør forbindelsen permanent sveiset
170;TEK1210;M6;Festemidler;Hva er en treskrue tilpasset for?;Å danne eller gripe gjenger i tre;Å feste komponenter direkte i tre;Å gripe i trefibrene;Å lage maskingjenger i stål
171;TEK1210;M6;Festemidler;Hvorfor forbores tre ofte før skruing?;For å redusere sprekkfare og styre skruen;For å unngå at treet sprekker;For å gjøre innskruingen lettere;For å gjøre skruen tykkere
172;TEK1210;M6;Festemidler;Hva er en treplugg?;En plugg som posisjonerer og forbinder tredeler;En trestav som forbinder deler;Et forbindelseselement i tre;En metallskrue for tre
173;TEK1210;M6;Festemidler;Hvorfor brukes lim sammen med treplugger?;Limet overfører last og låser forbindelsen;Limet styrker forbindelsen;Limet holder pluggen fast;Limet gjør trepluggen fleksibel
174;TEK1210;M6;Festemidler;Hva er en dovetail-forbindelse?;En formtilpasset mekanisk låsing mellom deler;En geometrisk forbindelse som hindrer uttrekking;En mekanisk låsegeometri;En kjemisk limforbindelse
175;TEK1210;M6;Festemidler;Hvordan holder en spiker deler sammen?;Friksjon og mekanisk inngrep mot materialet;Friksjon mellom spiker og materiale;Spikeren griper i materialet;Ved hjelp av maskingjenger
176;TEK1210;M6;Festemidler;Hva er en blindnagle?;En nagle som monteres fra én side;En nagle for ensidig tilgang;En nagle som trekkes fast fra forsiden;En nagle som krever tilgang fra begge sider
177;TEK1210;M6;Festemidler;Når er blindnagler spesielt nyttige?;Når bare én side av forbindelsen er tilgjengelig;Når baksiden ikke kan nås;Ved montering i lukkede profiler;Når begge sider må bearbeides samtidig
178;TEK1210;M6;Festemidler;Hva er en klinknaglet forbindelse?;En permanent forbindelse der naglen deformeres ved montering;En nagle som formes for å låse delene;En permanent mekanisk forbindelse;En forbindelse som skrus fra hverandre
179;TEK1210;M6;Festemidler;Er en klinknaglet forbindelse normalt demonterbar?;Nei, naglen må vanligvis ødelegges;Nei, naglen må bores eller fjernes;Den er normalt permanent;Ja, den skrus enkelt løs
180;TEK1210;M6;Festemidler;Hva er en klipsforbindelse?;En forbindelse som låses ved elastisk deformasjon;En elastisk del som klikker på plass;En rask mekanisk låsing;En sveiset forbindelse
181;TEK1210;M6;Festemidler;Hva er en fordel med klips i serieproduksjon?;Rask montering med få eller ingen verktøy;De kan monteres raskt;De forenkler monteringen;De krever alltid bolter
182;TEK1210;M6;Festemidler;Hva er Torx?;Et sekstakket drivsystem for skruer;Et drivsystem med stjerneformet profil;En skrueprofil for momentoverføring;En type gjenge
183;TEK1210;M6;Festemidler;Hva er en fordel med Torx sammenlignet med vanlig spor?;God momentoverføring med liten fare for utslipp;Bitsen får godt inngrep i skruen;Det tåler relativt høyt moment;Det er konstruert for å gli ut lett
184;TEK1210;M6;Festemidler;Hva er en fordel med limforbindelser?;Last kan fordeles over et stort areal;Lim kan fordele belastningen jevnt;Store flater kan forbindes;Belastningen samles alltid i ett punkt
185;TEK1210;M6;Festemidler;Hva må vurderes før materialer limes?;Materialtype, overflate, last og miljø;Overflatebehandling og limtype;Om limet passer materialene;Bare limets farge
186;TEK1210;M6;Festemidler;Hvorfor er direkte skruegjenger i plast ofte problematiske?;Plast kan krype og redusere klemkraften over tid;Plast kan sige slik at forbindelsen løsner;Plast deformeres over tid;Plast er alltid hardere enn skruen
187;TEK1210;M6;Festemidler;Hva betyr kryp eller siging i plast?;Tidsavhengig deformasjon under vedvarende belastning;Plast deformeres gradvis under last;Langsom permanent deformasjon;Plast deformeres bare ved slag
188;TEK1210;M6;Festemidler;Hva kan brukes i plast i stedet for gjenger direkte i plasten?;En metallinnsats med gjenger;En gjenget metallhylse;En innsats som tar opp gjengekreftene;En større skrue direkte i plasten
189;TEK1210;M6;Festemidler;Hvorfor brukes en metallhylse eller gjengeinnsats i plast?;Den gir slitesterke gjenger og bedre lastoverføring;Den reduserer belastningen på plastgjengene;Den gir en sterkere skrueforbindelse;Den gjør plasten mykere
190;TEK1210;M6;Festemidler;Hva er viktig ved valg av festemetode?;Materiale, belastning, miljø, montering og demontering;Materiale og forventet belastning;Hvordan forbindelsen skal brukes;Bare festemiddelets pris
191;TEK1210;M7;Lagere og føringer;Hva er hovedoppgaven til et lager?;Å støtte og styre relativ bevegelse med lav friksjon;Å støtte roterende deler;Å redusere friksjon;Å låse akselen mot rotasjon
192;TEK1210;M7;Lagere og føringer;Hva er et rullelager?;Et lager med rullende elementer mellom ringene;Et lager med kuler eller ruller;Et lager med rullende kontakt;Et lager uten bevegelige deler
193;TEK1210;M7;Lagere og føringer;Hva er et glidelager?;Et lager der flatene glir relativt mot hverandre;Et lager med glidende kontakt;Et lager uten rullende elementer;Et lager med stålkuler
194;TEK1210;M7;Lagere og føringer;Hva er en radial lagerlast?;En last vinkelrett på akselens akse;En last på tvers av akselen;En sideveis lagerlast;En last langs akselen
195;TEK1210;M7;Lagere og føringer;Hva er en aksial lagerlast?;En last parallelt med akselens akse;En last langs akselen;En kraft i akselretningen;En kraft vinkelrett på akselen
196;TEK1210;M7;Lagere og føringer;Hva kjennetegner et sporkulelager?;Det kan ta radiallast og moderat aksiallast;Det kan ta radial- og aksiallast;Det er et allsidig kulelager;Det kan bare ta aksiallast
197;TEK1210;M7;Lagere og føringer;Når er kulelager ofte et godt valg?;Ved moderate laster og relativt høye hastigheter;Ved moderate laster og høy hastighet;Når lav friksjon er ønskelig;Bare ved svært store støtlaster
198;TEK1210;M7;Lagere og føringer;Hvorfor tåler rullelager ofte større radiallast enn kulelager?;Rullene gir større kontaktflate;Lasten fordeles over større kontakt;Rullene har linjekontakt;Rullene har mindre kontaktareal
199;TEK1210;M7;Lagere og føringer;Hva kjennetegner et sylindrisk rullelager?;Høy kapasitet for radiallast;Det tåler stor radiallast;Det bruker sylindriske ruller;Det er primært et aksiallager
200;TEK1210;M7;Lagere og føringer;Hva er en fordel med nålelager?;Stor radial bæreevne med liten radial byggehøyde;Høy lastkapasitet på liten plass;Det har tynne lange ruller;Det tåler bare aksiallast
201;TEK1210;M7;Lagere og føringer;Når er nålelager spesielt aktuelt?;Når radial plass er begrenset;Når liten diameter er viktig;Ved kompakte konstruksjoner;Når stor radial plass er ønskelig
202;TEK1210;M7;Lagere og føringer;Hva kjennetegner et konisk rullelager?;Det kan ta både store radial- og aksiallaster;Det tar kombinerte laster;Det har koniske ruller;Det kan bare ta radiallast
203;TEK1210;M7;Lagere og føringer;Hvorfor monteres koniske rullelager ofte parvis?;For å ta aksiallast i begge retninger;For å støtte akselen begge veier;For å håndtere kombinerte laster;For å halvere lagerets diameter
204;TEK1210;M7;Lagere og føringer;Hvilket lager er aktuelt ved stor kombinert last?;Konisk rullelager;Lager for radial- og aksiallast;Rullelager;Et rent aksialkulelager
205;TEK1210;M7;Lagere og føringer;Hvordan påvirker økt last valg av lager?;Større last krever høyere dynamisk bæretall;Lagerets lastkapasitet må økes;Et kraftigere lager må vurderes;Lasten påvirker ikke lagervalget
206;TEK1210;M7;Lagere og føringer;Hva uttrykker et lagers dynamiske bæretall?;Lagerets kapasitet under roterende belastning;Hvor stor dynamisk last lageret tåler;Lagerets lastkapasitet i drift;Lagerets maksimale rotasjonshastighet
207;TEK1210;M7;Lagere og føringer;Hva påvirker lagerets levetid sterkt?;Lastens størrelse;Lagerbelastningen;Belastning og drift;Bare akselens lengde
208;TEK1210;M7;Lagere og føringer;Hva skjer normalt med lagerlevetiden når lasten øker?;Levetiden reduseres kraftig;Levetiden blir kortere;Lageret slites raskere;Levetiden øker
209;TEK1210;M7;Lagere og føringer;Hvorfor smøres lagre?;For å redusere friksjon, slitasje og varme;For å redusere friksjon og slitasje;For å beskytte kontaktflatene;For å øke friksjonen
210;TEK1210;M7;Lagere og føringer;Hva kan feil lagerinnretting føre til?;Ujevn belastning og redusert levetid;Økt slitasje;Dårlig lastfordeling;Alltid lengre levetid
211;TEK1210;M7;Lagere og føringer;Hva er en lineær føring?;En komponent som styrer bevegelse langs en bane;En føring for lineær bevegelse;Et system som styrer translasjon;Et lager for fri rotasjon
212;TEK1210;M7;Lagere og føringer;Hva er en lineær kuleføring?;En føring der kuler reduserer friksjonen;En lineær føring med kuler;En rullende lineær føring;En føring med ren glidekontakt
213;TEK1210;M7;Lagere og føringer;Hva er en lineær rulleføring?;En lineær føring med ruller som lastbærere;En føring som bruker ruller;En føring for store laster;En lineær føring med bare glidning
214;TEK1210;M7;Lagere og føringer;Hva er en glideføring?;En lineær føring basert på glidekontakt;To flater som glir mot hverandre;En enkel lineær føring;En føring som alltid bruker kuler
215;TEK1210;M7;Lagere og føringer;Hva er en fordel med lineære kuleføringer?;Lav friksjon og god presisjon;Lett bevegelse og høy presisjon;Lav rullemotstand;De krever alltid stor drivkraft
216;TEK1210;M7;Lagere og føringer;Hva er en fordel med lineære rulleføringer?;Høy stivhet og stor lastkapasitet;De tåler store laster;Stor kontaktflate gir høy kapasitet;De har alltid lavere kapasitet enn kuleføringer
217;TEK1210;M7;Lagere og føringer;Hva er en fordel med glideføringer?;Enkel konstruksjon og god demping;De kan dempe vibrasjoner;De er robuste og enkle;De har ingen friksjon
218;TEK1210;M7;Lagere og føringer;Hva styrer valg mellom kule-, rulle- og glideføring?;Last, hastighet, presisjon og miljø;Last og krav til bevegelse;Bruksforholdene;Bare fargen på føringen
219;TEK1210;M7;Lagere og føringer;Hvorfor brukes føringer i maskiner?;For å begrense bevegelsen til ønsket retning;For å styre bevegelsesbanen;For å kontrollere bevegelsen;For å tillate tilfeldig bevegelse
220;TEK1210;M7;Lagere og føringer;Hva bør vurderes ved valg av lager?;Lastretning, laststørrelse, hastighet og levetid;Last, hastighet og levetid;Driftsforhold og belastning;Bare akseldiameter
221;TEK1210;M8;Fjærer;Hva er hovedoppgaven til en fjær?;Å lagre mekanisk energi gjennom elastisk deformasjon;Å lagre energi ved deformasjon;Å gi en elastisk kraft;Å produsere energi
222;TEK1210;M8;Fjærer;Hva uttrykker Hookes lov for en lineær fjær?;F = kx;Kraft er fjærkonstant ganger deformasjon;Kraften øker med deformasjonen;F = k/x
223;TEK1210;M8;Fjærer;Hva betyr k i F = kx?;Fjærkonstanten;Fjærens stivhet;Forholdet mellom kraft og deformasjon;Fjærens lengde
224;TEK1210;M8;Fjærer;Hva betyr x i F = kx?;Fjærens deformasjon fra likevektslengden;Fjærens lengdeendring;Strekk eller sammentrykning;Fjærens totale lengde
225;TEK1210;M8;Fjærer;Hva er enheten for fjærkonstant?;N/m;Newton per meter;Kraft per lengdeenhet;Nm
226;TEK1210;M8;Fjærer;Hva betyr stor fjærkonstant?;Fjæren er stiv;Det kreves stor kraft for en gitt deformasjon;Fjæren deformeres lite;Fjæren er svært myk
227;TEK1210;M8;Fjærer;Hva skjer med fjærkraften når deformasjonen dobles?;Den dobles for en lineær fjær;Kraften øker proporsjonalt;Kraften blir større;Kraften halveres
228;TEK1210;M8;Fjærer;Hva er en trykkfjær?;En fjær konstruert for å belastes i kompresjon;En fjær som trykkes sammen;En fjær som motstår sammentrykning;En fjær som bare belastes i strekk
229;TEK1210;M8;Fjærer;Hva er en strekkfjær?;En fjær konstruert for å belastes i strekk;En fjær som trekkes ut;En fjær som gir kraft ved forlengelse;En fjær som bare tåler trykk
230;TEK1210;M8;Fjærer;Hva brukes endekrokene på en strekkfjær til?;Å overføre strekkraft til fjæren;Å feste fjæren til komponentene;Å påføre belastningen;Å redusere fjærens stivhet til null
231;TEK1210;M8;Fjærer;Hva er en bladfjær?;En fjær der elastisk bøyning av et blad gir fjærvirkning;En fjær som arbeider i bøyning;Et elastisk blad;En spiralfjær med kroker
232;TEK1210;M8;Fjærer;Hvor brukes bladfjærer typisk?;I oppheng og konstruksjoner med bøyebelastning;I kjøretøyoppheng;Der bøyning brukes som fjærvirkning;Bare i klokker
233;TEK1210;M8;Fjærer;Hva er en torsjonsfjær?;En fjær som lagrer energi ved vridning;En fjær belastet med moment;En fjær som vrir seg;En fjær som bare strekkes aksialt
234;TEK1210;M8;Fjærer;Hva er en klokkefjær?;En spiralformet fjær som lagrer energi ved opp- eller avrulling;En flat spiralfjær;En fjær som gir rotasjonsmoment;En vanlig trykkfjær
235;TEK1210;M8;Fjærer;Hva er en volutefjær?;En konisk spiralformet fjær av båndmateriale;En konisk spiralfjær;En kompakt fjærtype;Et kulelager
236;TEK1210;M8;Fjærer;Hva er en fordel med volutefjærer?;De kan ta stor last på liten sammenpresset høyde;De kan være kompakte ved stor last;De kan komprimeres mye;De brukes bare til strekk
237;TEK1210;M8;Fjærer;Hva skjer med fjærkraften når en trykkfjær presses sammen?;Kraften øker med deformasjonen;Fjærkraften blir større;Fjæren motsetter seg kompresjonen;Kraften blir alltid null
238;TEK1210;M8;Fjærer;Hvilken retning virker fjærkraften?;Mot deformasjonen;Mot forskyvningen fra likevekt;Fjæren forsøker å gå tilbake;Alltid nedover
239;TEK1210;M8;Fjærer;Hva skjer med total stivhet når like fjærer kobles parallelt?;Den øker;Fjærkonstantene summeres;Systemet blir stivere;Den blir mindre enn én fjær
240;TEK1210;M8;Fjærer;Hva er total fjærkonstant for parallelle fjærer?;kₜ = k₁ + k₂ + …;Fjærkonstantene legges sammen;Summen av stivhetene;kₜ = k₁k₂
241;TEK1210;M8;Fjærer;Hva skjer med total stivhet når like fjærer kobles i serie?;Den reduseres;Systemet blir mykere;Total deformasjon blir større;Stivheten dobles
242;TEK1210;M8;Fjærer;Hva er sammenhengen for fjærer i serie?;1/kₜ = 1/k₁ + 1/k₂ + …;Inversene av fjærkonstantene summeres;Seriekobling gir lavere stivhet;kₜ = k₁ + k₂
243;TEK1210;M8;Fjærer;Har seriekoblede fjærer samme kraft?;Ja;Samme kraft går gjennom hver fjær;De belastes med samme kraft;Nei, kraften må alltid være forskjellig
244;TEK1210;M8;Fjærer;Hvordan fordeles deformasjonen i seriekoblede fjærer?;Total deformasjon er summen av fjærenes deformasjoner;Deformasjonene summeres;Hver fjær bidrar til total lengdeendring;Bare én fjær deformeres
245;TEK1210;M8;Fjærer;Har parallellkoblede fjærer samme deformasjon?;Ja;De får samme lengdeendring;Begge deformeres like langt geometrisk;Nei, én fjær står alltid stille
246;TEK1210;M8;Fjærer;Hvordan fordeles kraften mellom parallelle fjærer?;Total kraft er summen av fjærkreftene;Kreftene i fjærene summeres;Fjærene deler belastningen;All kraft går alltid gjennom én fjær
247;TEK1210;M8;Fjærer;Hva skjer hvis en fjær belastes over elastisk område?;Den kan få permanent deformasjon;Fjæren kan deformeres plastisk;Den kan miste opprinnelig form;Den blir alltid sterkere
248;TEK1210;M8;Fjærer;Hva menes med fjærens arbeidslengde?;Området den kan deformeres under tiltenkt drift;Tillatt bevegelsesområde;Fjærens nyttige deformasjon;Trådens totale lengde
249;TEK1210;M8;Fjærer;Hva lagres i en deformert fjær?;Elastisk potensiell energi;Mekanisk energi;Deformasjonsenergi;Masse
250;TEK1210;M8;Fjærer;Hva må vurderes ved valg av fjær?;Kraft, deformasjon, stivhet, levetid og plass;Kraft, vandring og stivhet;Belastning og geometri;Bare fjærens farge
251;TEK1210;M9;Tannhjul og transmisjoner;Hva er en mekanisk transmisjon?;Et system som overfører mekanisk effekt og bevegelse;Et system som overfører kraft og bevegelse;En forbindelse mellom drivende og drevet del;Et system som produserer energi
252;TEK1210;M9;Tannhjul og transmisjoner;Hvilke tre vanlige transmisjonstyper bruker vi?;Tannhjul, rem og kjede;Gir, rem og kjede;Tre typer mekanisk kraftoverføring;Fjær, lager og skrue
253;TEK1210;M9;Tannhjul og transmisjoner;Hva overfører et tannhjulspar?;Rotasjon og dreiemoment mellom aksler;Dreiemoment og rotasjon;Mekanisk effekt;Bare lineær bevegelse
254;TEK1210;M9;Tannhjul og transmisjoner;Hva bestemmer utvekslingen i et tannhjulspar?;Forholdet mellom tanntallene;Forholdet mellom antall tenner;Størrelsesforholdet mellom hjulene;Tannhjulenes farge
255;TEK1210;M9;Tannhjul og transmisjoner;Hva skjer med turtallet ved nedgiring?;Turtallet reduseres;Utgående aksel roterer saktere;Hastigheten reduseres;Turtallet øker
256;TEK1210;M9;Tannhjul og transmisjoner;Hva skjer ideelt med dreiemomentet ved nedgiring?;Dreiemomentet øker;Utgående moment blir større;Momentet forsterkes;Dreiemomentet blir null
257;TEK1210;M9;Tannhjul og transmisjoner;Hva skjer med turtallet ved oppgiring?;Turtallet øker;Utgående aksel roterer raskere;Rotasjonshastigheten øker;Turtallet reduseres
258;TEK1210;M9;Tannhjul og transmisjoner;Hva skjer ideelt med dreiemomentet ved oppgiring?;Dreiemomentet reduseres;Momentet blir mindre;Hastighet byttes mot moment;Momentet øker
259;TEK1210;M9;Tannhjul og transmisjoner;Endrer to utvendige tannhjul rotasjonsretningen?;Ja;Drevet hjul roterer motsatt vei;Retningen snus;Nei, de roterer alltid samme vei
260;TEK1210;M9;Tannhjul og transmisjoner;Hva er et sylindrisk rettfortannet tannhjul?;Et tannhjul med rette tenner parallelt med akselen;Et tannhjul med rette tenner;Et vanlig tannhjul for parallelle aksler;Et tannhjul for remdrift
261;TEK1210;M9;Tannhjul og transmisjoner;Hva er en fordel med skråfortannede tannhjul?;Jevnere og stillere inngrep;Flere tenner kan være i inngrep samtidig;De gir jevn kraftoverføring;De har aldri aksialkraft
262;TEK1210;M9;Tannhjul og transmisjoner;Hva er en ulempe med skråfortanning?;Den skaper aksialkraft;Lageret kan få aksialbelastning;Det oppstår kraft langs akselen;Den kan ikke overføre moment
263;TEK1210;M9;Tannhjul og transmisjoner;Hva brukes koniske tannhjul til?;Kraftoverføring mellom kryssende aksler;Å endre retningen mellom aksler;Overføring mellom vinklede aksler;Bare parallelle aksler
264;TEK1210;M9;Tannhjul og transmisjoner;Hva brukes et snekkegear ofte til?;Stor utveksling mellom kryssende aksler;Stor reduksjon i ett trinn;Lavt turtall og høyt moment;Å gi utveksling 1:1 uten tap
265;TEK1210;M9;Tannhjul og transmisjoner;Hva er modul for et tannhjul?;Et mål på tannstørrelsen;En parameter som bestemmer tannens størrelse;Forhold knyttet til delingsdiameter og tanntall;Antall tenner på tannhjulet
266;TEK1210;M9;Tannhjul og transmisjoner;Hva må være likt for to standard tannhjul som skal gripe sammen?;Modul og trykkvinkel;De må ha samme modul;Tanngeometrien må passe;De må ha samme tanntall
267;TEK1210;M9;Tannhjul og transmisjoner;Hva er en fordel med tannhjulsdrift?;Presis utveksling uten sluring;Fast hastighetsforhold;Positiv kraftoverføring;Stor elastisk sluring
268;TEK1210;M9;Tannhjul og transmisjoner;Hva er en ulempe med tannhjulsdrift over stor akselavstand?;Det krever flere hjul eller annen transmisjon;Tannhjul passer dårlig ved stor avstand;Akslene bør normalt være relativt nær hverandre;Tannhjul kan ikke overføre moment
269;TEK1210;M9;Tannhjul og transmisjoner;Hva er en fordel med remdrift?;Enkel og fleksibel overføring over relativt stor akselavstand;Remmer kan forbinde aksler langt fra hverandre;Enkel og rimelig kraftoverføring;Remdrift krever alltid akslene i kontakt
270;TEK1210;M9;Tannhjul og transmisjoner;Kan en vanlig friksjonsrem slure?;Ja;Ja, ved utilstrekkelig friksjon eller stor last;Sluring kan forekomme;Nei, aldri
271;TEK1210;M9;Tannhjul og transmisjoner;Hva er en fordel med tannrem?;Den gir synkron kraftoverføring uten normal sluring;Den gir fast utveksling;Tennene hindrer relativ glidning;Den fungerer bare ved sluring
272;TEK1210;M9;Tannhjul og transmisjoner;Hva bestemmer utvekslingen i en remdrift uten sluring?;Forholdet mellom remskivenes effektive diametre;Forholdet mellom skivediametrene;Størrelsen på remskivene;Bare remmens lengde
273;TEK1210;M9;Tannhjul og transmisjoner;Hva skjer når drevet remskive gjøres større?;Utgående turtall reduseres;Den drevne akselen går saktere;Utvekslingen øker;Utgående turtall øker
274;TEK1210;M9;Tannhjul og transmisjoner;Hva er en fordel med kjededrift?;Positiv kraftoverføring uten sluring;Fast utveksling mellom kjedehjulene;Kjedet griper mekanisk i hjulene;Kjedet er helt vedlikeholdsfritt
275;TEK1210;M9;Tannhjul og transmisjoner;Hva bestemmer utvekslingen i en kjededrift?;Forholdet mellom kjedehjulenes tanntall;Forholdet mellom antall tenner;Størrelsen på kjedehjulene;Kjedets masse
276;TEK1210;M9;Tannhjul og transmisjoner;Hva trenger en kjededrift normalt for god levetid?;Riktig stramming, innretting og smøring;Smøring og korrekt kjedespenning;Vedlikehold og riktig montering;Mest mulig slakk i kjedet
277;TEK1210;M9;Tannhjul og transmisjoner;Hva er virkningsgrad i en transmisjon?;Forholdet mellom utgående og inngående effekt;Utgående effekt delt på inngående effekt;Et mål på transmisjonens tap;Forholdet mellom turtallene
278;TEK1210;M9;Tannhjul og transmisjoner;Hvor blir tapt effekt i en transmisjon hovedsakelig av?;Varme gjennom friksjon og andre tap;Friksjon omdanner energi til varme;Mekaniske tap;Ekstra nyttig utgående effekt
279;TEK1210;M9;Tannhjul og transmisjoner;Når er kjede ofte bedre enn vanlig rem?;Når fast utveksling uten sluring er viktig;Når sluring ikke er ønskelig;Ved positiv kraftoverføring;Når stor sluring er ønskelig
280;TEK1210;M9;Tannhjul og transmisjoner;Hva bør vurderes ved valg av transmisjon?;Effekt, moment, hastighet, avstand, presisjon og miljø;Belastning, hastighet og akselavstand;Kravene til kraftoverføringen;Bare innkjøpsprisen
281;TEK1210;M10;Klassifisering av mekanismer;Hva er en mekanisme?;Et system av legemer og ledd som overfører eller omformer bevegelse;Et system som overfører bevegelse;Sammenkoblede bevegelige deler;En konstruksjon uten bevegelse
282;TEK1210;M10;Klassifisering av mekanismer;Hva er et ledd i en mekanisme?;Et stivt legeme som inngår i mekanismen;En bevegelig komponent i mekanismen;En del mellom forbindelser;Bare et kulelager
283;TEK1210;M10;Klassifisering av mekanismer;Hva er et kinematisk par?;To legemer koblet slik at relativ bevegelse er begrenset;En forbindelse mellom to bevegelige legemer;To deler som beveger seg relativt;To deler som alltid er fastlåst
284;TEK1210;M10;Klassifisering av mekanismer;Hva bestemmer et kinematisk par?;Hvilke relative bevegelser som er tillatt mellom to ledd;Hvordan leddene kan bevege seg;Bevegelsesmuligheten mellom komponenter;Bare komponentenes materiale
285;TEK1210;M10;Klassifisering av mekanismer;Hva kjennetegner et lavere kinematisk par?;Elementene har flate- eller linjekontakt over et område;Elementene har kontinuerlig kontakt;Kontakt skjer over en flate;Elementene har bare punktkontakt
286;TEK1210;M10;Klassifisering av mekanismer;Hva kjennetegner et høyere kinematisk par?;Kontakten skjer hovedsakelig langs en linje eller i et punkt;Kontakten er lokal mellom elementene;Kontaktområdet er lite;Elementene har alltid stor flatekontakt
287;TEK1210;M10;Klassifisering av mekanismer;Er et rotasjonsledd et lavere eller høyere par?;Lavere par;Lavere kinematisk par;Et par med flatekontakt;Høyere par
288;TEK1210;M10;Klassifisering av mekanismer;Er et sleideledd et lavere eller høyere par?;Lavere par;Lavere kinematisk par;Et par med glidekontakt;Høyere par
289;TEK1210;M10;Klassifisering av mekanismer;Er et skrueledd et lavere eller høyere par?;Lavere par;Lavere kinematisk par;Et par med sammenhengende kontakt;Høyere par
290;TEK1210;M10;Klassifisering av mekanismer;Er kam og følger et lavere eller høyere par?;Høyere par;Høyere kinematisk par;Et par med lokal kontakt;Lavere par
291;TEK1210;M10;Klassifisering av mekanismer;Er to tannhjul i inngrep et lavere eller høyere par?;Høyere par;Høyere kinematisk par;Tennene har lokal kontakt;Lavere par
292;TEK1210;M10;Klassifisering av mekanismer;Er en rulle mot en skinne et lavere eller høyere par?;Høyere par;Høyere kinematisk par;Kontakten skjer lokalt;Lavere par
293;TEK1210;M10;Klassifisering av mekanismer;Hva er et rotasjonsledd?;Et ledd som tillater rotasjon om en akse;Et ledd som tillater rotasjon;En forbindelse med én rotasjonsbevegelse;Et ledd som bare tillater translasjon
294;TEK1210;M10;Klassifisering av mekanismer;Hva er et prismatisk ledd?;Et ledd som tillater lineær bevegelse langs en akse;Et ledd som tillater translasjon;Et sleideledd;Et ledd som bare tillater rotasjon
295;TEK1210;M10;Klassifisering av mekanismer;Hva er et skrueledd?;Et ledd med koblet rotasjon og translasjon;Et ledd med skruebevegelse;Rotasjon gir lineær bevegelse;Et ledd med fri bevegelse i alle retninger
296;TEK1210;M10;Klassifisering av mekanismer;Hva er en kinematisk kjede?;Flere ledd koblet sammen med kinematiske par;En kjede av sammenkoblede ledd;Flere bevegelige komponenter koblet sammen;En vanlig kraftoverføringskjede
297;TEK1210;M10;Klassifisering av mekanismer;Når blir en kinematisk kjede en mekanisme?;Når ett ledd fastholdes og bevegelsen blir bestemt;Når ett ledd festes til fundamentet;Når kjeden får styrt bevegelse;Når alle ledd fjernes
298;TEK1210;M10;Klassifisering av mekanismer;Hva menes med en plan mekanisme?;Alle vesentlige bevegelser skjer i parallelle plan;Bevegelsen skjer hovedsakelig i ett plan;Mekanismen har todimensjonal bevegelse;Alle ledd beveger seg fritt i 3D
299;TEK1210;M10;Klassifisering av mekanismer;Hva er en romlig mekanisme?;En mekanisme med bevegelse i tre dimensjoner;En mekanisme med 3D-bevegelse;Ledd beveger seg i flere plan;En mekanisme som bare beveger seg i ett plan
300;TEK1210;M10;Klassifisering av mekanismer;Hva betyr frihetsgrad?;Antall uavhengige bevegelser som kreves for å beskrive systemet;Antall uavhengige bevegelser;Hvor mange bevegelsesmuligheter systemet har;Antall deler i mekanismen
301;TEK1210;M10;Klassifisering av mekanismer;Hvor mange frihetsgrader har et enkelt rotasjonsledd i en plan mekanisme?;Én;1 rotasjon;Én uavhengig bevegelse;Tre
302;TEK1210;M10;Klassifisering av mekanismer;Hvor mange frihetsgrader har et enkelt sleideledd i en plan mekanisme?;Én;1 translasjon;Én uavhengig bevegelse;To
303;TEK1210;M10;Klassifisering av mekanismer;Hva er en fireleddet mekanisme?;En lukket kinematisk kjede med fire ledd;En mekanisme med fire sammenkoblede ledd;Fire ledd danner en lukket kjede;En mekanisme med fire tannhjul
304;TEK1210;M10;Klassifisering av mekanismer;Er en vanlig fireleddet mekanisme normalt plan eller romlig?;Plan;Vanligvis plan;Bevegelsen skjer i ett plan;Alltid romlig
305;TEK1210;M10;Klassifisering av mekanismer;Er en veiv-sleide-mekanisme normalt plan eller romlig?;Plan;Vanligvis plan;Bevegelsen kan beskrives i ett plan;Alltid romlig
306;TEK1210;M10;Klassifisering av mekanismer;Hvilken bevegelse kan en veiv-sleide omforme?;Rotasjon til fram- og tilbakegående lineær bevegelse;Rotasjon til lineær bevegelse;Roterende til resiprokerende bevegelse;Rotasjon til tilfeldig bevegelse
307;TEK1210;M10;Klassifisering av mekanismer;Hvorfor regnes kam og følger som et høyere par?;Kontakten mellom kam og følger er lokal;De har punkt- eller linjekontakt;Kontaktflaten mellom delene er liten;Delene har full flatekontakt
308;TEK1210;M10;Klassifisering av mekanismer;Hvorfor regnes et sleideledd som et lavere par?;De to leddene har kontakt over en flate;Det har kontinuerlig flatekontakt;Sleiden glir mot føringen;Delene har bare punktkontakt
309;TEK1210;M10;Klassifisering av mekanismer;Hva er hovedforskjellen mellom lavere og høyere kinematiske par?;Lavere par har flatekontakt, høyere par har hovedsakelig punkt- eller linjekontakt;Forskjellen ligger i kontaktformen;De har ulik type kontakt mellom leddene;Høyere par har alltid større kontaktflate
310;TEK1210;M10;Klassifisering av mekanismer;Hvorfor klassifiserer vi mekanismer og kinematiske par?;For å analysere og beskrive bevegelse og funksjon systematisk;For å forstå mekanismens bevegelse;For å kunne analysere konstruksjonen;Bare for å bestemme materialfargen
311;TEK1210;M11;Analyse av mekanismer;Hva brukes Grashofs kriterium til?;Å vurdere mulig rotasjon i en firelenkemekanisme;Å finne hvilke lenker som kan rotere;Å klassifisere firelenkemekanismer;Å beregne materialstyrke
312;TEK1210;M11;Analyse av mekanismer;Hva sier Grashofs kriterium?;s + l ≤ p + q gir minst én fullt roterende lenke;Korteste pluss lengste lenke sammenlignes med de to andre;Lengdene avgjør mulig rotasjon;Alle fire lenker må være like
313;TEK1210;M11;Analyse av mekanismer;Hva betyr s i Grashofs kriterium?;Lengden på korteste lenke;Korteste lenke;En lenkelengde;Lengste lenke
314;TEK1210;M11;Analyse av mekanismer;Hva betyr l i Grashofs kriterium?;Lengden på lengste lenke;Lengste lenke;En lenkelengde;Korteste lenke
315;TEK1210;M11;Analyse av mekanismer;Hva kalles den faststående lenken?;Forankringen eller grunnlenken;Fast lenke;Rammen;Følgeren
316;TEK1210;M11;Analyse av mekanismer;Hva er inngangslenken?;Lenken som tilføres bevegelse eller moment;Den drivende lenken;Lenken som settes i bevegelse;Den faste lenken
317;TEK1210;M11;Analyse av mekanismer;Hva er utgangslenken?;Lenken som leverer ønsket utgående bevegelse;Den drevne lenken;Følgeren;Den faste lenken
318;TEK1210;M11;Analyse av mekanismer;Hva er koblerlenken?;Lenken mellom inngangs- og utgangslenken;Den forbindende lenken;Mellomlenken;Den faste rammen
319;TEK1210;M11;Analyse av mekanismer;Hva er en crank?;En lenke som kan rotere 360°;En fullt roterende lenke;En roterende inngangslenke;En lenke som bare vipper
320;TEK1210;M11;Analyse av mekanismer;Hva er en rocker?;En lenke som oscillerer mellom to ytterstillinger;En vippende lenke;En lenke med begrenset rotasjon;En lenke som alltid roterer 360°
321;TEK1210;M11;Analyse av mekanismer;Hva kjennetegner en crank-rocker?;Én lenke roterer fullt og én oscillerer;Rotasjon omformes til vipping;Den har crank og rocker;Ingen lenker beveger seg
322;TEK1210;M11;Analyse av mekanismer;Hva kjennetegner en double-crank?;Begge lenkene ved forankringen kan rotere fullt;To lenker kan rotere 360°;Begge sidelenkene roterer;Ingen lenker kan rotere
323;TEK1210;M11;Analyse av mekanismer;Hva kjennetegner en double-rocker?;Begge sidelenkene oscillerer;To lenker vipper;Ingen av sidelenkene roterer fullt;Begge roterer kontinuerlig
324;TEK1210;M11;Analyse av mekanismer;Hva bestemmer oppførselen til en Grashof-firelenke?;Lenkelengdene og hvilken lenke som forankres;Lengdeforhold og forankring;Geometrien til mekanismen;Bare materialet
325;TEK1210;M11;Analyse av mekanismer;Hva brukes Kutzbach-kriteriet til?;Å beregne mekanismens frihetsgrader;Å finne mobiliteten;Å bestemme antall uavhengige bevegelser;Å beregne spenning
326;TEK1210;M11;Analyse av mekanismer;Hvor mange frihetsgrader har en vanlig firelenkemekanisme?;Én;1;Én uavhengig inngangsbevegelse;Fire
327;TEK1210;M11;Analyse av mekanismer;Hva betyr én frihetsgrad for en mekanisme?;Én uavhengig bevegelse bestemmer hele mekanismen;Én inngangsbevegelse er nødvendig;Bevegelsen styres av én variabel;Alle ledd kan beveges uavhengig
328;TEK1210;M11;Analyse av mekanismer;Hva skjer hvis grunnlenken i en firelenke endres?;Mekanismens bevegelsestype kan endres;Mekanismen kan få annen oppførsel;Inversjonen endres;Lenkelengdene forsvinner
329;TEK1210;M11;Analyse av mekanismer;Hva menes med en mekanismeinversjon?;Samme kinematiske kjede med en annen lenke forankret;En annen lenke gjøres fast;Mekanismen får annen grunnlenke;Alle lenker byttes ut
330;TEK1210;M11;Analyse av mekanismer;Hvorfor analyserer vi mekanismens geometri?;For å forutsi bevegelse, stillinger og funksjon;For å forstå mekanismens bevegelse;For å kontrollere ønsket funksjon;Bare for å velge farge
331;TEK1210;M12;Styrke og stivhet i materialer;Hva menes med materialets styrke?;Evnen til å motstå belastning uten svikt;Evnen til å tåle belastning;Motstand mot brudd eller plastisk deformasjon;Evnen til å deformeres mest mulig
332;TEK1210;M12;Styrke og stivhet i materialer;Hva menes med stivhet?;Motstand mot elastisk deformasjon;Motstand mot deformasjon;Hvor mye en komponent bøyer seg under last;Hvor stor masse materialet har
333;TEK1210;M12;Styrke og stivhet i materialer;Er styrke og stivhet det samme?;Nei, de beskriver ulike materialegenskaper;Nei;Et sterkt materiale trenger ikke være svært stivt;Ja, alltid
334;TEK1210;M12;Styrke og stivhet i materialer;Hva er elastisk deformasjon?;Deformasjon som forsvinner når lasten fjernes;Reversibel deformasjon;Materialet går tilbake til opprinnelig form;Permanent deformasjon
335;TEK1210;M12;Styrke og stivhet i materialer;Hva er plastisk deformasjon?;Permanent deformasjon etter avlasting;Varig formendring;Deformasjonen forsvinner ikke helt;Fullstendig reversibel deformasjon
336;TEK1210;M12;Styrke og stivhet i materialer;Hva beskriver elastisitetsmodulen E?;Materialets elastiske stivhet;Materialets stivhet;Forholdet mellom spenning og tøyning elastisk;Materialets tetthet
337;TEK1210;M12;Styrke og stivhet i materialer;Hva betyr høy E-modul?;Materialet deformeres lite elastisk ved gitt spenning;Materialet er stivt;Stor motstand mot elastisk deformasjon;Materialet er alltid svært sterkt
338;TEK1210;M12;Styrke og stivhet i materialer;Hva er normalspenning?;Kraft normalt på tverrsnitt dividert med arealet;Kraft per tverrsnittsareal;σ = F/A;Kraft multiplisert med areal
339;TEK1210;M12;Styrke og stivhet i materialer;Hva er tøyning?;Relativ lengdeendring;Lengdeendring i forhold til opprinnelig lengde;ε = ΔL/L;Kraft per areal
340;TEK1210;M12;Styrke og stivhet i materialer;Hva er Hookes lov for et lineært elastisk materiale?;σ = Eε;Spenning er E-modul ganger tøyning;Spenning og tøyning er proporsjonale;σ = ε/E²
341;TEK1210;M12;Styrke og stivhet i materialer;Hva skjer ved belastning under elastisk grense?;Materialet går tilbake til opprinnelig form etter avlasting;Deformasjonen er reversibel;Ingen permanent deformasjon oppstår;Materialet brekker alltid
342;TEK1210;M12;Styrke og stivhet i materialer;Hva kan skje når flytegrensen overskrides?;Permanent plastisk deformasjon kan oppstå;Materialet kan deformeres varig;Formen kan endres permanent;All deformasjon forsvinner
343;TEK1210;M12;Styrke og stivhet i materialer;Kan en del være sterk nok, men for lite stiv?;Ja;Ja, deformasjonen kan bli for stor;Den kan tåle lasten uten å fungere riktig;Nei
344;TEK1210;M12;Styrke og stivhet i materialer;Hvorfor er stivhet viktig i mekanismer?;Deformasjon kan endre posisjon, klaringer og bevegelse;For stor deformasjon kan påvirke funksjonen;Geometrien må opprettholdes;Stivhet påvirker bare fargen
345;TEK1210;M12;Styrke og stivhet i materialer;Hva kan akselbøyning gjøre med et lager?;Gi feilinnretting og ujevn lagerbelastning;Belaste lageret skjevt;Endre lagerets innretting;Alltid forbedre lagerets levetid
346;TEK1210;M12;Styrke og stivhet i materialer;Hva kan deformasjon av en ramme gjøre med en mekanisme?;Endre den geometriske plasseringen av leddene;Flytte leddenes posisjon;Endre mekanismens bevegelse;Ikke påvirke mekanismen
347;TEK1210;M12;Styrke og stivhet i materialer;Hva kan for stor deformasjon gjøre med tannhjulsinngrep?;Gi feil inngrep og dårlig lastfordeling;Endre tannkontakten;Øke slitasje og støy;Alltid forbedre inngrepet
348;TEK1210;M12;Styrke og stivhet i materialer;Hva kan deformasjon gjøre med en lineær føring?;Gi feilinnretting, økt friksjon eller fastkiling;Gjøre føringen skjev;Forstyrre lineær bevegelse;Alltid redusere friksjonen
349;TEK1210;M12;Styrke og stivhet i materialer;Hva kan deformasjon gjøre med klaringen mellom bevegelige deler?;Endre klaringen;Gjøre klaringen større eller mindre;Påvirke bevegelsen mellom delene;Klaringen påvirkes aldri
350;TEK1210;M12;Styrke og stivhet i materialer;Hva kan for liten klaring etter deformasjon føre til?;Kontakt, høy friksjon eller fastkiling;Delene kan komme i kontakt;Bevegelsen kan hindres;Bedre fri bevegelse
351;TEK1210;M12;Styrke og stivhet i materialer;Hva kan for stor klaring føre til?;Slark og redusert presisjon;Unøyaktig bevegelse;Mer bevegelsesfrihet enn ønsket;Alltid høyere presisjon
352;TEK1210;M12;Styrke og stivhet i materialer;Hvordan kan en bjelke gjøres stivere?;Øke E-modul eller tverrsnittets arealtreghetsmoment;Velge stivere materiale eller endre geometrien;Øke tverrsnittets høyde;Bare gjøre den lengre
353;TEK1210;M12;Styrke og stivhet i materialer;Hvordan påvirker økt bjelkelengde normalt nedbøyningen?;Nedbøyningen øker;Lengre bjelke deformeres mer;Stivheten reduseres geometrisk;Nedbøyningen blir alltid mindre
354;TEK1210;M12;Styrke og stivhet i materialer;Hvorfor er tverrsnittets form viktig for stivheten?;Den påvirker arealtreghetsmomentet;Geometrien påvirker bøyestivheten;Materialplasseringen påvirker deformasjonen;Bare tverrsnittsarealet har betydning
355;TEK1210;M12;Styrke og stivhet i materialer;Hvorfor brukes profiler som I-bjelker?;Materialet plasseres effektivt for høy bøyestivhet;De gir høy stivhet med relativt lite materiale;Materiale ligger langt fra nøytralaksen;De er alltid massive
356;TEK1210;M12;Styrke og stivhet i materialer;Kan elastisk deformasjon være et funksjonsproblem uten materialskade?;Ja;Ja, geometrien kan endres for mye;Produktet kan fungere dårlig selv uten brudd;Nei
357;TEK1210;M12;Styrke og stivhet i materialer;Hva er et typisk stivhetskrav i en presisjonsmekanisme?;Deformasjonen må være liten nok til å opprettholde funksjon og presisjon;Små tillatte deformasjoner;Geometrien må holdes nøyaktig;Størst mulig deformasjon
358;TEK1210;M12;Styrke og stivhet i materialer;Hvorfor må lagerinnfestinger være tilstrekkelig stive?;For å opprettholde lagerets posisjon og innretting;For å hindre skjevstilling;For å holde akselen riktig plassert;For å gjøre lageret mykere
359;TEK1210;M12;Styrke og stivhet i materialer;Hva bør kontrolleres i tillegg til spenning ved dimensjonering?;Deformasjon og stivhet;Nedbøyning;Om delen beholder funksjonell geometri;Bare masse
360;TEK1210;M12;Styrke og stivhet i materialer;Hvorfor analyseres både styrke og stivhet?;Delen må både tåle lasten og fungere med akseptabel deformasjon;Den må være sterk og tilstrekkelig stiv;Både svikt og deformasjon må vurderes;Bare brudd er relevant
361;TEK1210;M13;Mekanismer i produkter;Hvorfor brukes mekanismer i produkter?;For å styre, overføre eller omforme bevegelse og kraft;For å skape ønsket bevegelse;For å overføre bevegelse;Bare som dekorasjon
362;TEK1210;M13;Mekanismer i produkter;Hva gjør en hengselmekanisme?;Tillater kontrollert rotasjon mellom deler;Tillater rotasjon;Forbinder deler med en rotasjonsakse;Tillater bare lineær bevegelse
363;TEK1210;M13;Mekanismer i produkter;Hva gjør en sleidemekanisme?;Styrer en del langs en lineær bane;Gir lineær bevegelse;Begrenser bevegelsen til en retning;Gir bare rotasjon
364;TEK1210;M13;Mekanismer i produkter;Hva gjør en veiv-sleide i et produkt?;Omformer rotasjon og lineær fram-og-tilbake-bevegelse;Omformer rotasjon til translasjon;Kobler roterende og lineær bevegelse;Bare reduserer friksjon
365;TEK1210;M13;Mekanismer i produkter;Hvor finner vi en veiv-sleide typisk?;I stempelmotorer og pumper;I motorer;Der rotasjon og stempelbevegelse kobles;Bare i dørhengsler
366;TEK1210;M13;Mekanismer i produkter;Hva brukes en firelenkemekanisme til i produkter?;Å skape en kontrollert bevegelsesbane mellom komponenter;Å styre ønsket bevegelse;Å koble bevegelsen mellom ledd;Bare til å lagre energi
367;TEK1210;M13;Mekanismer i produkter;Hvor finner vi firelenkemekanismer?;Blant annet i hengsler, oppheng og gripeinnretninger;I hengsler og oppheng;I mange bevegelige produkter;Bare i tannhjul
368;TEK1210;M13;Mekanismer i produkter;Hva brukes en kam til i et produkt?;Å skape en bestemt følgerbevegelse fra en inngangsbevegelse;Å styre følgerens bevegelse;Å omforme rotasjon til ønsket bevegelse;Bare til å redusere masse
369;TEK1210;M13;Mekanismer i produkter;Hva bestemmer kamprofilen?;Følgerens bevegelse som funksjon av kamstillingen;Hvordan følgeren beveger seg;Bevegelsesforløpet;Bare kamakselens materiale
370;TEK1210;M13;Mekanismer i produkter;Hva gjør en sperremekanisme?;Tillater bevegelse trinnvis eller i én retning;Hindrer tilbakerotasjon;Gir retningsbestemt bevegelse;Gir helt fri rotasjon begge veier
371;TEK1210;M13;Mekanismer i produkter;Hvor brukes skralle og sperre?;Der tilbakerotasjon skal hindres eller trinnbevegelse ønskes;I verktøy og låsemekanismer;Der bevegelsen skal være retningsbestemt;Bare i glidelager
372;TEK1210;M13;Mekanismer i produkter;Hva gjør en Genève-mekanisme?;Omformer kontinuerlig rotasjon til periodisk trinnbevegelse;Lager trinnvis rotasjon;Gir periodisk bevegelse;Gir bare kontinuerlig rotasjon
373;TEK1210;M13;Mekanismer i produkter;Når er en Genève-mekanisme nyttig?;Når en utgang skal flyttes mellom bestemte posisjoner trinnvis;Ved indeksering;Når periodisk posisjonering ønskes;Når helt tilfeldig bevegelse ønskes
374;TEK1210;M13;Mekanismer i produkter;Hva er en toggle-mekanisme?;En lenkemekanisme som kan gi stor kraft nær en rettlinjet stilling;En mekanisme som forsterker kraft nær endestilling;En kneleddsmekanisme;En mekanisme uten lenker
375;TEK1210;M13;Mekanismer i produkter;Hvor brukes toggle-mekanismer ofte?;I klemmer, presser og låsemekanismer;I klemmer og låser;Der stor sluttkraft ønskes;Bare i remdrift
376;TEK1210;M13;Mekanismer i produkter;Hva kan et tannhjulssystem gjøre i et produkt?;Endre turtall, moment og rotasjonsretning;Endre hastighet og moment;Overføre rotasjon;Bare lage lineær bevegelse
377;TEK1210;M13;Mekanismer i produkter;Hvorfor brukes tannrem i enkelte produkter?;For synkron overføring uten normal sluring;For nøyaktig overføring;For å holde komponenter synkronisert;For å skape tilfeldig sluring
378;TEK1210;M13;Mekanismer i produkter;Hvorfor brukes kjededrift i produkter?;For robust positiv kraftoverføring over en viss akselavstand;For kraftoverføring uten sluring;For å forbinde kjedehjul;Bare for å dempe vibrasjoner
379;TEK1210;M13;Mekanismer i produkter;Hva gjør en skrue som mekanisme?;Omformer rotasjon til lineær bevegelse og kraft;Omformer rotasjon til translasjon;Kan gi stor lineær kraft;Omformer lineær bevegelse til varme בלבד
380;TEK1210;M13;Mekanismer i produkter;Hvorfor kan en skrue gi stor mekanisk fordel?;Liten stigning gir lang inngangsvei for kort utgangsbevegelse;Den bytter bevegelseslengde mot kraft;Den kan forsterke kraft;Den skaper energi
381;TEK1210;M13;Mekanismer i produkter;Hva er mekanisk fordel?;Forholdet mellom utgående og inngående kraft;Kraftforsterkningen i mekanismen;Hvor mye mekanismen øker kraften;Forholdet mellom massene
382;TEK1210;M13;Mekanismer i produkter;Hva må ofres når en ideell mekanisme forsterker kraft?;Bevegelsesvei eller hastighet;Utgangen må normalt bevege seg kortere eller saktere;Kraft vinnes på bekostning av bevegelse;Energi skapes gratis
383;TEK1210;M13;Mekanismer i produkter;Hvorfor brukes fjærer sammen med mekanismer?;For å lagre energi, returnere deler eller opprettholde kraft;For retur og energilagring;For å gi elastisk kraft;Bare for å øke massen
384;TEK1210;M13;Mekanismer i produkter;Hva kan et over-center-prinsipp brukes til?;Å holde en mekanisme stabilt i en endestilling;Til mekanisk låsing;Til å holde en stilling uten kontinuerlig kraft;Til fri bevegelse uten stopp
385;TEK1210;M13;Mekanismer i produkter;Hvorfor brukes stoppere i mekanismer?;For å begrense bevegelsen til et sikkert område;For å definere endestillinger;For å hindre for stor bevegelse;For å øke frihetsgraden
386;TEK1210;M13;Mekanismer i produkter;Hvorfor er klaring nødvendig mellom bevegelige deler?;For å tillate bevegelse uten uønsket kontakt eller fastkiling;For å hindre at delene binder;For å gi plass til relativ bevegelse;For å låse delene sammen
387;TEK1210;M13;Mekanismer i produkter;Hva kan for stor klaring i en mekanisme føre til?;Slark, støy og redusert presisjon;Slark og unøyaktighet;Dårligere kontroll på bevegelsen;Alltid bedre presisjon
388;TEK1210;M13;Mekanismer i produkter;Hvorfor er friksjon viktig ved produktdesign av mekanismer?;Den påvirker kraftbehov, slitasje, varme og virkningsgrad;Friksjon påvirker tap og slitasje;Den påvirker bevegelsen;Friksjon har ingen betydning
389;TEK1210;M13;Mekanismer i produkter;Hvorfor bør en mekanisme ha færrest nødvendige deler?;Det kan redusere kostnad, slark, feil og kompleksitet;Enklere mekanismer kan bli mer robuste;Færre deler kan forenkle produktet;Flere deler gir alltid høyere kvalitet
390;TEK1210;M13;Mekanismer i produkter;Hva er viktigst ved valg av mekanisme i et produkt?;At den gir ønsket funksjon pålitelig, sikkert og effektivt;At den gir riktig bevegelse og kraft;At mekanismen tilfredsstiller funksjonskravene;At den har flest mulig bevegelige deler
391;MASG2103;M1a ;Styrkeberegning 1_1;Hva er strekkspenning?;Normalspenning fra en strekkraft;Spenning som forlenger delen;Kraft som trekker i materialet;Skjærspenning fra torsjon
392;MASG2103;M1a ;Styrkeberegning 1_1;Hvordan beregnes strekkspenning?;σ = F/A;Kraft delt på areal;Strekkraft i forhold til tverrsnitt;σ = F·A
393;MASG2103;M1a ;Styrkeberegning 1_1;Hva skjer normalt med strekkspenningen når arealet øker?;Den reduseres;Spenningen blir mindre;Kraften fordeles over større areal;Den øker
394;MASG2103;M1a ;Styrkeberegning 1_1;Hva er trykkspenning?;Normalspenning fra en trykkraft;Spenning som forkorter delen;Kraft som presser på materialet;Spenning fra torsjon
395;MASG2103;M1a ;Styrkeberegning 1_1;Hvordan beregnes trykkspenning?;σ = F/A;Kraft delt på areal;Trykkraft i forhold til tverrsnitt;σ = A/F
396;MASG2103;M1a ;Styrkeberegning 1_1;Hva kjennetegner et duktilt materiale?;Det kan deformeres plastisk betydelig før brudd;Det deformeres før det ryker;Det varsler ofte brudd gjennom deformasjon;Det ryker uten deformasjon
397;MASG2103;M1a ;Styrkeberegning 1_1;Hva kjennetegner et sprøtt materiale?;Lite plastisk deformasjon før brudd;Det kan ryke plutselig;Det deformeres lite før brudd;Det får alltid stor plastisk deformasjon
398;MASG2103;M1a ;Styrkeberegning 1_1;Hvilket er et typisk duktilt materiale?;Konstruksjonsstål;Stål;Mange metaller;Glass
399;MASG2103;M1a ;Styrkeberegning 1_1;Hvilket er et typisk sprøtt materiale?;Glass;Støpejern;Keramiske materialer;Mykt stål
400;MASG2103;M1a ;Styrkeberegning 1_1;Hva menes med tillatt spenning?;Høyeste spenning vi tillater ved dimensjonering;En sikker dimensjoneringsspenning;En spenning under materialets kritiske grense;Alltid materialets bruddspenning
401;MASG2103;M1a ;Styrkeberegning 1_1;Hvorfor brukes sikkerhetsfaktor?;For å ta høyde for usikkerheter og sikre konstruksjonen;For å redusere tillatt spenning;For å gi sikkerhetsmargin;For å øke belastningen
402;MASG2103;M1a ;Styrkeberegning 1_1;Hva skjer med tillatt spenning når sikkerhetsfaktoren øker?;Den reduseres;Tillatt spenning blir lavere;Konstruksjonen dimensjoneres mer konservativt;Den øker
403;MASG2103;M1a ;Styrkeberegning 1_1;Hva er knekking?;Stabilitetssvikt i en slank trykkbelastet komponent;Sideveis utbøying ved trykk;Svikt i en lang trykkstav;Brudd på grunn av torsjon
404;MASG2103;M1a ;Styrkeberegning 1_1;Hvilken belastning er særlig knyttet til knekking?;Aksial trykkraft;Trykkbelastning;Kompresjon av en slank stav;Ren strekkraft
405;MASG2103;M1a ;Styrkeberegning 1_1;Hva skjer med knekkfaren når en søyle blir lengre?;Den øker;Søylen knekker lettere;Slankheten øker;Den reduseres
406;MASG2103;M1a ;Styrkeberegning 1_1;Hva er bøyespenning?;Normalspenning som oppstår ved bøyning;Strekk- og trykkspenning fra bøying;Spenning forårsaket av bøyemoment;Bare skjærspenning
407;MASG2103;M1a ;Styrkeberegning 1_1;Hvor er bøyespenningen størst i et vanlig bjelketverrsnitt?;Lengst fra nøytralaksen;I ytterfibrene;Ved tverrsnittets ytterkant;På nøytralaksen
408;MASG2103;M1a ;Styrkeberegning 1_1;Hva er bøyespenningen på nøytralaksen?;Null;Ingen normalspenning fra bøyning;Svært liten;Maksimal
409;MASG2103;M1a ;Styrkeberegning 1_1;Hva bestemmer bøyespenning sammen med bøyemomentet?;Tverrsnittets motstandsmoment;Tverrsnittets geometri;Avstanden fra nøytralaksen og treghetsmomentet;Bare materialets tetthet
410;MASG2103;M1a ;Styrkeberegning 1_1;Hva er skjærspenning?;Spenning som virker parallelt med en snittflate;Tangentiell spenning;Spenning fra skjærkraft;Normalspenning vinkelrett på flaten
411;MASG2103;M1a ;Styrkeberegning 1_1;Hvilken indre kraft gir skjærspenning i en bjelke?;Skjærkraften V;Tverrkraften;Kraft parallelt med snittet;Bare bøyemomentet
412;MASG2103;M1a ;Styrkeberegning 1_1;Hvor er skjærspenningen størst i et rektangulært bjelketverrsnitt?;Ved nøytralaksen;Midt i tverrsnittet;Rundt tverrsnittets sentrum;I ytterfibrene
413;MASG2103;M1a ;Styrkeberegning 1_1;Hva oppstår i en aksel som belastes med torsjonsmoment?;Torsjonsspenning;Skjærspenning fra vridning;Vridningsspenning;Bare strekkspenning
414;MASG2103;M1a ;Styrkeberegning 1_1;Hvor er torsjonsspenningen størst i en sirkulær aksel?;Ved ytterflaten;Ved største radius;Lengst fra akselens sentrum;I sentrum
415;MASG2103;M1a ;Styrkeberegning 1_1;Hva er torsjonsspenningen i sentrum av en massiv rund aksel?;Null;Ingen torsjonsspenning;Svært liten;Maksimal
416;MASG2103;M1a ;Styrkeberegning 1_1;Hva menes med kombinert spenning?;Flere spenningskomponenter virker samtidig;Flere typer spenning opptrer sammen;Delen har mer enn én belastningstype;Bare to strekkrefter virker samtidig
417;MASG2103;M1a ;Styrkeberegning 1_1;Hvilken kombinasjon er vanlig i en roterende aksel?;Bøyning og torsjon;Bøyespenning og torsjonsspenning;Normal- og skjærspenning;Bare trykkspenning
418;MASG2103;M1a ;Styrkeberegning 1_1;Hva er utmatting?;Skade som utvikles ved gjentatte eller varierende belastninger;Svikt etter mange belastningssykluser;Sprekkvekst ved vekslende belastning;Brudd bare ved én stor statisk last
419;MASG2103;M1a ;Styrkeberegning 1_1;Kan utmattingsbrudd oppstå under flytegrensen?;Ja;Ja, ved mange belastningssykluser;Det kan skje ved gjentatt belastning;Nei, aldri
420;MASG2103;M1a ;Styrkeberegning 1_1;Hvor starter utmattingssprekker ofte?;Ved kjerv, overflatefeil eller spenningskonsentrasjoner;Ved områder med høy lokal spenning;Ofte ved geometriske overganger;Alltid midt i et homogent tverrsnitt
421;MASG2103;M1a ;Styrkeberegning 1_2;Hva menes med tillatt spenning?;Største spenning vi tillater ved dimensjonering;En redusert materialgrense brukt i beregning;En sikker spenning for konstruksjonen;Spenningen ved brudd
422;MASG2103;M1a ;Styrkeberegning 1_2;Hvordan beregnes tillatt spenning fra bruddgrensen?;σ_till = σ_b / n_F;Bruddgrensen deles på sikkerhetsfaktoren;Materialgrensen reduseres med en sikkerhetsfaktor;σ_till = σ_b · n_F
423;MASG2103;M1a ;Styrkeberegning 1_2;Hvordan beregnes sikkerhetsfaktoren n_F?;n_F = σ_b / σ_till;Bruddgrensen deles på tillatt spenning;Forholdet mellom materialgrense og tillatt spenning;n_F = σ_till / σ_b
424;MASG2103;M1a ;Styrkeberegning 1_2;Hva skjer med tillatt spenning når n_F øker?;Tillatt spenning reduseres;Konstruksjonen dimensjoneres mer konservativt;Sikkerhetsmarginen øker;Tillatt spenning øker
425;MASG2103;M1a ;Styrkeberegning 1_2;Hva betyr en sikkerhetsfaktor større enn 1?;Tillatt spenning ligger under valgt materialgrense;Konstruksjonen har en sikkerhetsmargin;Materialets kapasitet utnyttes ikke fullt;Tillatt spenning er større enn bruddgrensen
426;MASG2103;M1a ;Styrkeberegning 1_2;Når kan flytegrensen brukes som dimensjonerende materialgrense?;Når flytegrensen er godt definert for materialet;Når materialet har en tydelig flytegrense;Typisk for materialer med kjent plastisk flyting;Alltid for alle materialer
427;MASG2103;M1a ;Styrkeberegning 1_2;Når bør bruddgrensen brukes fremfor flytegrensen?;Når flytegrensen ikke er godt definert;Når materialet mangler tydelig flytegrense;For materialer der brudd er en bedre definert grense;Bare når materialet er svært mykt
428;MASG2103;M1a ;Styrkeberegning 1_2;Hvorfor kan ikke flytegrensen brukes ukritisk for alle materialer?;Ikke alle materialer har en tydelig definert flytegrense;Flyteoppførselen varierer mellom materialer;Noen materialer går mot brudd uten tydelig flyting;Fordi flytegrensen alltid er null
429;MASG2103;M1a ;Styrkeberegning 1_2;Hva skal en sikkerhetsfaktor kompensere for?;Usikkerheter i last, materiale, geometri, utførelse og beregning;Usikkerheter i konstruksjonen;Variasjoner som ikke er fullt kjent i beregningen;Bare usikkerhet i materialets farge
430;MASG2103;M1a ;Styrkeberegning 1_2;Hvordan påvirker usikkerhet i materialegenskaper sikkerhetsfaktoren?;Større usikkerhet kan kreve høyere sikkerhetsfaktor;Usikre materialdata gir større sikkerhetsmargin;Materialvariasjon må tas hensyn til;Usikkerhet gjør sikkerhetsfaktoren unødvendig
431;MASG2103;M1a ;Styrkeberegning 1_2;Hvordan påvirker usikre dimensjoner sikkerhetsfaktoren?;Store dimensjonsvariasjoner kan kreve større sikkerhetsmargin;Toleranser kan påvirke nødvendig sikkerhet;Faktiske mål kan avvike fra beregnede mål;Dimensjoner har ingen betydning
432;MASG2103;M1a ;Styrkeberegning 1_2;Hvordan påvirker utførelsen nødvendig sikkerhetsfaktor?;Usikker utførelse kan kreve høyere sikkerhetsfaktor;Produksjonskvalitet påvirker sikkerheten;Feil i produksjon kan redusere kapasiteten;Utførelse påvirker aldri styrken
433;MASG2103;M1a ;Styrkeberegning 1_2;Hvordan påvirker bruddkonsekvensen valg av sikkerhetsfaktor?;Alvorlige konsekvenser tilsier større sikkerhetsmargin;Høy bruddkonsekvens krever normalt større sikkerhet;Konsekvensen må inngå i vurderingen;Stor bruddkonsekvens tilsier lavere sikkerhetsfaktor
434;MASG2103;M1a ;Styrkeberegning 1_2;Hvorfor må mulige feil i beregningene inngå i sikkerhetsvurderingen?;Beregninger er idealiseringer og kan inneholde usikkerheter;Modellen kan avvike fra virkeligheten;Ikke alle forhold kan beregnes helt nøyaktig;Beregninger er alltid helt eksakte
435;MASG2103;M1a ;Styrkeberegning 1_2;Hvorfor må valg av beregningsmetode vurderes ved sikkerhetsfaktor?;En forenklet eller usikker metode kan gi større beregningsusikkerhet;Metoden påvirker hvor sikkert resultatet er;Forenklinger kan kreve større margin;Alle beregningsmetoder gir alltid samme resultat
436;MASG2103;M1a ;Styrkeberegning 1_2;Hva er en spenningskonsentrasjon?;En lokal økning av spenningen rundt en geometrisk eller fysisk uregelmessighet;Et område med høyere lokal spenning;Spenningen samles lokalt ved en detalj;En jevn reduksjon av spenningen
437;MASG2103;M1a ;Styrkeberegning 1_2;Hva beskriver spenningskonsentrasjonsfaktoren?;Forholdet mellom maksimal lokal og nominell spenning;Hvor mye den lokale spenningen forsterkes;Forskjellen mellom lokal og nominell spenning;Forholdet mellom kraft og masse
438;MASG2103;M1a ;Styrkeberegning 1_2;Hvordan kan spenningskonsentrasjonsfaktoren uttrykkes?;k = σ_max / σ_nom;Maksimal spenning delt på nominell spenning;Forholdet mellom lokal toppspenning og nominell spenning;k = σ_nom / σ_max
439;MASG2103;M1a ;Styrkeberegning 1_2;Hva skjer normalt med lokal spenning når en kjerv blir skarpere?;Den lokale spenningen øker;Spenningskonsentrasjonen blir større;Skarpere geometri gir høyere lokal spenning;Den lokale spenningen forsvinner
440;MASG2103;M1a ;Styrkeberegning 1_2;Hvorfor er skarpe innvendige hjørner ugunstige?;De kan gi høy spenningskonsentrasjon;De gir lokale spenningsøkninger;De kan være startpunkt for skade;De fordeler alltid spenningen jevnt
441;MASG2103;M1a ;Styrkeberegning 1_2;Hvordan kan et skarpt innvendig hjørne forbedres?;Ved å bruke en større overgangsradius;Ved å runde av hjørnet;Ved å gjøre overgangen mykere;Ved å gjøre hjørnet enda skarpere
442;MASG2103;M1a ;Styrkeberegning 1_2;Hvordan kan en overflateskade påvirke spenningstilstanden?;Den kan gi lokal spenningskonsentrasjon;Riper og hakk kan øke lokal spenning;Skaden kan fungere som en kjerv;Overflateskader reduserer alltid spenningen
443;MASG2103;M1a ;Styrkeberegning 1_2;Hvorfor kan gjenger gi spenningskonsentrasjon?;Gjengebunnen har liten radius og geometriske overganger;Spenningen øker lokalt ved gjengebunnen;Gjengene inneholder gjentatte kjerver;Gjenger gir alltid helt jevn spenning
444;MASG2103;M1a ;Styrkeberegning 1_2;Hvor oppstår ofte høy lokal spenning i en gjenget forbindelse?;Ved gjengebunnen;I roten av gjengen;Ved den skarpeste geometriske overgangen;Midt i et stort plant område
445;MASG2103;M1a ;Styrkeberegning 1_2;Kan hull i en belastet komponent gi spenningskonsentrasjon?;Ja, spenningen øker lokalt rundt hullet;Ja, hullet forstyrrer spenningsfeltet;Geometriske avbrudd kan øke lokal spenning;Nei, hull påvirker aldri spenningen
446;MASG2103;M1a ;Styrkeberegning 1_2;Hvorfor må materialtype vurderes ved kjerv og spenningskonsentrasjon?;Materialer reagerer ulikt på lokale spenningskonsentrasjoner;Duktile og sprø materialer tåler kjerver forskjellig;Materialoppførselen påvirker konsekvensen av kjerven;Alle materialer reagerer identisk
447;MASG2103;M1a ;Styrkeberegning 1_2;Hvordan kan duktilt stål reagere på en lokal spenningskonsentrasjon ved statisk last?;Lokal plastisk deformasjon kan omfordele spenningen;Materialet kan flyte lokalt;Duktilitet kan redusere virkningen av en lokal spenningstopp;Det må alltid sprøbriste umiddelbart
448;MASG2103;M1a ;Styrkeberegning 1_2;Hvorfor kan sprø materialer være følsomme for kjerver?;De har liten evne til plastisk spenningsomfordeling;En lokal spenningstopp kan lettere føre til sprekk;Sprø materialer deformeres lite plastisk;De er alltid ufølsomme for lokale spenninger
449;MASG2103;M1a ;Styrkeberegning 1_2;Hvorfor kan tre reagere annerledes på en kjerv enn stål?;Tre er anisotropt og egenskapene avhenger av fiberretningen;Fiberretningen påvirker styrken;Materialstrukturen er forskjellig fra stål;Tre og stål har alltid identisk spenningsfordeling
450;MASG2103;M1a ;Styrkeberegning 1_2;Hvorfor må betong vurderes annerledes enn duktilt stål ved lokale spenningstopper?;Betong er sprøtt i strekk og har liten plastisk omfordeling;Betong tåler strekkspenninger dårlig;Lokale strekkspenninger kan gi sprekkdannelse;Betong er mer duktilt enn mykt stål
451;MASG2103;M1a ;Styrkeberegning 1_3;Hva er knekking?;Stabilitetssvikt ved trykkbelastning av en slank stav;Sideveis utbøying ved trykk;Svikt i en lang trykkstav;Brudd på grunn av ren strekk
452;MASG2103;M1a ;Styrkeberegning 1_3;Hva bestemmer om Euler eller Tetmajer brukes ved knekking?;Stavens slankhet og materialets overgangsgrense;Slankhetsforholdet;Om staven er kort eller lang;Bare stavens masse
453;MASG2103;M1a ;Styrkeberegning 1_3;Når brukes Eulers knekkformel?;For tilstrekkelig slanke staver i det elastiske området;For lange og slanke staver;Når elastisk knekking er styrende;For alle korte staver
454;MASG2103;M1a ;Styrkeberegning 1_3;Når brukes Tetmajers formel?;For mindre slanke staver under Euler-området;For mellomslanke staver;Når Euler ikke lenger er gyldig;Bare for svært slanke staver
455;MASG2103;M1a ;Styrkeberegning 1_3;Er overgangen mellom Euler og Tetmajer lik for alle materialer?;Nei, overgangsslankheten avhenger av materialet;Nei, materialegenskapene påvirker overgangen;Stål, støpejern og tre kan ha ulike grenser;Ja, samme slankhet brukes alltid
456;MASG2103;M1a ;Styrkeberegning 1_3;Hvorfor har stål, støpejern og tre ulike Euler/Tetmajer-overganger?;De har ulike materialegenskaper og knekkoppførsel;Materialenes stivhet og styrke er forskjellige;Materialtypen påvirker knekkgrensene;Fordi de alltid har samme E-modul
457;MASG2103;M1a ;Styrkeberegning 1_3;Hva er slankhet λ?;Forholdet mellom effektiv knekklengde og treghetsradius;λ = Lk/i;Et mål på hvor slank staven er;Forholdet mellom kraft og areal
458;MASG2103;M1a ;Styrkeberegning 1_3;Hva skjer normalt med knekkfaren når slankheten øker?;Knekkfaren øker;Staven blir mer utsatt for knekking;Lang og slank geometri er mindre stabil;Knekkfaren forsvinner
459;MASG2103;M1a ;Styrkeberegning 1_3;Hva er treghetsradius i?;i = √(I/A);Et geometrisk mål basert på I og A;Et mål på hvordan arealet ligger rundt aksen;i = I·A
460;MASG2103;M1a ;Styrkeberegning 1_3;Hva betyr Lk ved knekking?;Effektiv knekklengde;Lengden brukt i knekkberegningen;Lengde korrigert for innspenningsforhold;Alltid stavens fysiske lengde
461;MASG2103;M1a ;Styrkeberegning 1_3;Hva påvirker effektiv knekklengde Lk?;Hvordan stavens ender er opplagret eller innspent;Innspenningsforholdene;Endebetingelsene for staven;Bare materialets tetthet
462;MASG2103;M1a ;Styrkeberegning 1_3;Hva er Eulers kritiske knekklast avhengig av?;E, I og effektiv knekklengde Lk;Materialstivhet, tverrsnitt og knekklengde;Stavens stivhet og geometri;Bare tverrsnittsarealet
463;MASG2103;M1a ;Styrkeberegning 1_3;Om hvilken akse vil en stav normalt knekke først?;Om aksen med minst arealtreghetsmoment;Om den svakeste aksen;Om aksen med lavest bøyestivhet;Om aksen med størst I
464;MASG2103;M1a ;Styrkeberegning 1_3;Hva er bøyespenning?;Normalspenning som oppstår på grunn av bøyemoment;Strekk- og trykkspenning ved bøyning;Spenning som varierer over tverrsnittet;Bare skjærspenning
465;MASG2103;M1a ;Styrkeberegning 1_3;Hvor er normalspenningen fra bøyning størst?;I ytterfibrene lengst fra nøytralaksen;Ved ytterflaten;Der avstanden y fra nøytralaksen er størst;På nøytralaksen
466;MASG2103;M1a ;Styrkeberegning 1_3;Hva er bøyespenningen i nøytralaksen?;Null;Ingen normalspenning fra bøyning;Den skifter fortegn der;Maksimal
467;MASG2103;M1a ;Styrkeberegning 1_3;Hvilke normalspenninger opptrer ved vanlig bøyning?;Strekk på én side og trykk på den andre;Strekk- og trykkspenning;Motsatt fortegn på hver side av nøytralaksen;Bare strekk i hele snittet
468;MASG2103;M1a ;Styrkeberegning 1_3;Hva beskriver arealtreghetsmomentet I?;Hvordan tverrsnittsarealet er fordelt rundt en akse;Tverrsnittets geometriske motstand mot bøyning;Arealets plassering i forhold til nøytralaksen;Materialets styrke
469;MASG2103;M1a ;Styrkeberegning 1_3;Hvilken enhet har arealtreghetsmomentet I ved bruk av mm?;mm⁴;Lengde i fjerde potens;En geometrisk enhet;mm²
470;MASG2103;M1a ;Styrkeberegning 1_3;Hva er motstandsmomentet W?;W = I/ymax;Arealtreghetsmoment delt på største avstand til ytterfiber;En geometrisk størrelse for maksimal bøyespenning;W = I·ymax
471;MASG2103;M1a ;Styrkeberegning 1_3;Når er motstandsmomentet W spesielt nyttig?;Når maksimal bøyespenning skal beregnes;Ved beregning av σmax fra M/W;Når vi undersøker spenningen i ytterfiberen;Bare ved beregning av masse
472;MASG2103;M1a ;Styrkeberegning 1_3;Hvordan beregnes maksimal bøyespenning med motstandsmoment?;σmax = M/W;Bøyemoment delt på motstandsmoment;Maksimal normalspenning finnes direkte fra M og W;σmax = M·W
473;MASG2103;M1a ;Styrkeberegning 1_3;Hvor er skjærspenningen størst i et rektangulært tverrsnitt ved bøyning?;Ved nøytralaksen i sentrum;Midt i tverrsnittet;Der y = 0;I ytterfibrene
474;MASG2103;M1a ;Styrkeberegning 1_3;Hva er skjærspenningen ved øvre og nedre ytterflate i et rektangulært snitt?;Null;Den går mot null ved ytterflatene;Mindre enn i sentrum;Maksimal
475;MASG2103;M1a ;Styrkeberegning 1_3;Hvordan varierer skjærspenningen gjennom et rektangulært tverrsnitt?;Parabolsk, med maksimum i nøytralaksen;Den øker mot sentrum og avtar mot ytterflatene;Den er størst rundt midten;Den er konstant over hele snittet
476;MASG2103;M1a ;Styrkeberegning 1_3;Hvilken formel brukes for skjærspenning ved bøyning?;τ = V·Q/(I·b);Skjærkraft ganger første arealmoment delt på I og bredde;τ bestemmes av V, Q, I og b;τ = V·I/(Q·b)
477;MASG2103;M1a ;Styrkeberegning 1_3;Hva betyr Q eller S i formelen τ = VQ/(Ib)?;Første arealmoment for aktuell del av tverrsnittet;Statisk moment om nøytralaksen;Areal ganger avstand til delarealets tyngdepunkt;Skjærkraften
478;MASG2103;M1a ;Styrkeberegning 1_3;Hva betyr b i formelen τ = VQ/(Ib)?;Tverrsnittets bredde ved nivået der τ beregnes;Lokal bredde i snittet;Bredden ved aktuell y-posisjon;Hele bjelkens lengde
479;MASG2103;M1a ;Styrkeberegning 1_3;Hva betyr y i skjærspenningsprofilen i vedlegget?;Avstanden fra nøytralaksen til punktet der τ beregnes;Posisjonen i høyderetningen fra nøytralaksen;Avstanden fra O til aktuelt nivå;Avstanden til delarealet A1 sitt tyngdepunkt
480;MASG2103;M1a ;Styrkeberegning 1_3;Hva betyr y1 i uttrykket S = A1·y1?;Avstanden fra nøytralaksen til tyngdepunktet for delarealet A1;Tyngdepunktavstanden til arealet over aktuelt nivå;Momentarmen for delarealet A1;Avstanden fra nøytralaksen til punktet der τ beregnes
451;MASG2103;M1a ;Styrkeberegning 1_3;Hva er knekking?;Stabilitetssvikt ved trykkbelastning av en slank stav;Sideveis utbøying ved trykk;Svikt i en lang trykkstav;Brudd på grunn av ren strekk
452;MASG2103;M1a ;Styrkeberegning 1_3;Hva bestemmer om Euler eller Tetmajer brukes ved knekking?;Stavens slankhet og materialets overgangsgrense;Slankhetsforholdet;Om staven er kort eller lang;Bare stavens masse
453;MASG2103;M1a ;Styrkeberegning 1_3;Når brukes Eulers knekkformel?;For tilstrekkelig slanke staver i det elastiske området;For lange og slanke staver;Når elastisk knekking er styrende;For alle korte staver
454;MASG2103;M1a ;Styrkeberegning 1_3;Når brukes Tetmajers formel?;For mindre slanke staver under Euler-området;For mellomslanke staver;Når Euler ikke lenger er gyldig;Bare for svært slanke staver
455;MASG2103;M1a ;Styrkeberegning 1_3;Er overgangen mellom Euler og Tetmajer lik for alle materialer?;Nei, overgangsslankheten avhenger av materialet;Nei, materialegenskapene påvirker overgangen;Stål, støpejern og tre kan ha ulike grenser;Ja, samme slankhet brukes alltid
456;MASG2103;M1a ;Styrkeberegning 1_3;Hvorfor har stål, støpejern og tre ulike Euler/Tetmajer-overganger?;De har ulike materialegenskaper og knekkoppførsel;Materialenes stivhet og styrke er forskjellige;Materialtypen påvirker knekkgrensene;Fordi de alltid har samme E-modul
457;MASG2103;M1a ;Styrkeberegning 1_3;Hva er slankhet λ?;Forholdet mellom effektiv knekklengde og treghetsradius;λ = Lk/i;Et mål på hvor slank staven er;Forholdet mellom kraft og areal
458;MASG2103;M1a ;Styrkeberegning 1_3;Hva skjer normalt med knekkfaren når slankheten øker?;Knekkfaren øker;Staven blir mer utsatt for knekking;Lang og slank geometri er mindre stabil;Knekkfaren forsvinner
459;MASG2103;M1a ;Styrkeberegning 1_3;Hva er treghetsradius i?;i = √(I/A);Et geometrisk mål basert på I og A;Et mål på hvordan arealet ligger rundt aksen;i = I·A
460;MASG2103;M1a ;Styrkeberegning 1_3;Hva betyr Lk ved knekking?;Effektiv knekklengde;Lengden brukt i knekkberegningen;Lengde korrigert for innspenningsforhold;Alltid stavens fysiske lengde
461;MASG2103;M1a ;Styrkeberegning 1_3;Hva påvirker effektiv knekklengde Lk?;Hvordan stavens ender er opplagret eller innspent;Innspenningsforholdene;Endebetingelsene for staven;Bare materialets tetthet
462;MASG2103;M1a ;Styrkeberegning 1_3;Hva er Eulers kritiske knekklast avhengig av?;E, I og effektiv knekklengde Lk;Materialstivhet, tverrsnitt og knekklengde;Stavens stivhet og geometri;Bare tverrsnittsarealet
463;MASG2103;M1a ;Styrkeberegning 1_3;Om hvilken akse vil en stav normalt knekke først?;Om aksen med minst arealtreghetsmoment;Om den svakeste aksen;Om aksen med lavest bøyestivhet;Om aksen med størst I
464;MASG2103;M1a ;Styrkeberegning 1_3;Hva er bøyespenning?;Normalspenning som oppstår på grunn av bøyemoment;Strekk- og trykkspenning ved bøyning;Spenning som varierer over tverrsnittet;Bare skjærspenning
465;MASG2103;M1a ;Styrkeberegning 1_3;Hvor er normalspenningen fra bøyning størst?;I ytterfibrene lengst fra nøytralaksen;Ved ytterflaten;Der avstanden y fra nøytralaksen er størst;På nøytralaksen
466;MASG2103;M1a ;Styrkeberegning 1_3;Hva er bøyespenningen i nøytralaksen?;Null;Ingen normalspenning fra bøyning;Den skifter fortegn der;Maksimal
467;MASG2103;M1a ;Styrkeberegning 1_3;Hvilke normalspenninger opptrer ved vanlig bøyning?;Strekk på én side og trykk på den andre;Strekk- og trykkspenning;Motsatt fortegn på hver side av nøytralaksen;Bare strekk i hele snittet
468;MASG2103;M1a ;Styrkeberegning 1_3;Hva beskriver arealtreghetsmomentet I?;Hvordan tverrsnittsarealet er fordelt rundt en akse;Tverrsnittets geometriske motstand mot bøyning;Arealets plassering i forhold til nøytralaksen;Materialets styrke
469;MASG2103;M1a ;Styrkeberegning 1_3;Hvilken enhet har arealtreghetsmomentet I ved bruk av mm?;mm⁴;Lengde i fjerde potens;En geometrisk enhet;mm²
470;MASG2103;M1a ;Styrkeberegning 1_3;Hva er motstandsmomentet W?;W = I/ymax;Arealtreghetsmoment delt på største avstand til ytterfiber;En geometrisk størrelse for maksimal bøyespenning;W = I·ymax
471;MASG2103;M1a ;Styrkeberegning 1_3;Når er motstandsmomentet W spesielt nyttig?;Når maksimal bøyespenning skal beregnes;Ved beregning av σmax fra M/W;Når vi undersøker spenningen i ytterfiberen;Bare ved beregning av masse
472;MASG2103;M1a ;Styrkeberegning 1_3;Hvordan beregnes maksimal bøyespenning med motstandsmoment?;σmax = M/W;Bøyemoment delt på motstandsmoment;Maksimal normalspenning finnes direkte fra M og W;σmax = M·W
473;MASG2103;M1a ;Styrkeberegning 1_3;Hvor er skjærspenningen størst i et rektangulært tverrsnitt ved bøyning?;Ved nøytralaksen i sentrum;Midt i tverrsnittet;Der y = 0;I ytterfibrene
474;MASG2103;M1a ;Styrkeberegning 1_3;Hva er skjærspenningen ved øvre og nedre ytterflate i et rektangulært snitt?;Null;Den går mot null ved ytterflatene;Mindre enn i sentrum;Maksimal
475;MASG2103;M1a ;Styrkeberegning 1_3;Hvordan varierer skjærspenningen gjennom et rektangulært tverrsnitt?;Parabolsk, med maksimum i nøytralaksen;Den øker mot sentrum og avtar mot ytterflatene;Den er størst rundt midten;Den er konstant over hele snittet
476;MASG2103;M1a ;Styrkeberegning 1_3;Hvilken formel brukes for skjærspenning ved bøyning?;τ = V·Q/(I·b);Skjærkraft ganger første arealmoment delt på I og bredde;τ bestemmes av V, Q, I og b;τ = V·I/(Q·b)
477;MASG2103;M1a ;Styrkeberegning 1_3;Hva betyr Q eller S i formelen τ = VQ/(Ib)?;Første arealmoment for aktuell del av tverrsnittet;Statisk moment om nøytralaksen;Areal ganger avstand til delarealets tyngdepunkt;Skjærkraften
478;MASG2103;M1a ;Styrkeberegning 1_3;Hva betyr b i formelen τ = VQ/(Ib)?;Tverrsnittets bredde ved nivået der τ beregnes;Lokal bredde i snittet;Bredden ved aktuell y-posisjon;Hele bjelkens lengde
479;MASG2103;M1a ;Styrkeberegning 1_3;Hva betyr y i skjærspenningsprofilen i vedlegget?;Avstanden fra nøytralaksen til punktet der τ beregnes;Posisjonen i høyderetningen fra nøytralaksen;Avstanden fra O til aktuelt nivå;Avstanden til delarealet A1 sitt tyngdepunkt
480;MASG2103;M1a ;Styrkeberegning 1_3;Hva betyr y1 i uttrykket S = A1·y1?;Avstanden fra nøytralaksen til tyngdepunktet for delarealet A1;Tyngdepunktavstanden til arealet over aktuelt nivå;Momentarmen for delarealet A1;Avstanden fra nøytralaksen til punktet der τ beregnes
481;MASG2103;M1b ;Styrkeberegning 1_4;Hva er torsjonsspenning?;Skjærspenning som oppstår ved vridning;Skjærspenning fra et torsjonsmoment;Spenning i en vridd aksel;Normalspenning fra ren strekk
482;MASG2103;M1b;Styrkeberegning 1_4;Hvordan varierer torsjonsspenningen i en massiv rund aksel?;Fra null i sentrum til maksimum i ytterflaten;Den øker med radiusen;Den er størst lengst fra sentrum;Den er konstant gjennom hele tverrsnittet
483;MASG2103;M1b ;Styrkeberegning 1_4;Hva er polart arealtreghetsmoment Ip?;Et geometrisk mål på tverrsnittets motstand mot torsjon;Tverrsnittets treghetsmoment ved vridning;En geometrisk størrelse brukt i torsjonsberegning;Materialets motstand mot strekk
484;MASG2103;M1b;Styrkeberegning 1_4;Hva skjer med torsjonsstivheten når Ip øker?;Torsjonsstivheten øker;Akselen motstår vridning bedre;Vridningen blir mindre ved samme moment;Torsjonsstivheten reduseres
485;MASG2103;M1b ;Styrkeberegning 1_4;Hva er polart motstandsmoment Wp?;Wp = Ip/rmaks;Polart treghetsmoment delt på ytterradius;En geometrisk størrelse brukt for maksimal torsjonsspenning;Wp = Ip·rmaks
486;MASG2103;M1b;Styrkeberegning 1_4;Hvordan kan maksimal torsjonsspenning beregnes med Wp?;τmax = Mt/Wp;Torsjonsmoment delt på polart motstandsmoment;Maksimal skjærspenning finnes fra moment og Wp;τmax = Mt·Wp
487;MASG2103;M1b ;Styrkeberegning 1_4;Hva beskriver skjærmodulen G?;Materialets stivhet mot skjærdeformasjon;Motstand mot skjærtøyning;Elastisk stivhet ved skjær;Materialets tetthet
488;MASG2103;M1b;Styrkeberegning 1_4;Hva er skjærtøyning γ?;Vinkeldeformasjon som skyldes skjærspenning;Mål på skjærdeformasjon;Relativ vinkelforandring ved skjær;Normal tøyning langs aksen
489;MASG2103;M1b ;Styrkeberegning 1_4;Hva er sammenhengen mellom τ, G og γ i elastisk område?;τ = G·γ;Skjærspenning er skjærmodul ganger skjærtøyning;G knytter skjærspenning til skjærdeformasjon;τ = G/γ
490;MASG2103;M1b;Styrkeberegning 1_4;Hva beskriver Poissons tall ν?;Forholdet mellom tverrtøyning og lengdetøyning;Hvor mye materialet trekker seg sammen sideveis ved strekk;En ubenevnt materialkonstant;Forholdet mellom kraft og areal
491;MASG2103;M1b ;Styrkeberegning 1_4;Hvordan henger E, G og Poissons tall ν sammen for isotrope materialer?;G = E/[2(1+ν)];G bestemmes av E og ν;E, G og ν er sammenkoblede elastiske materialdata;G = E·2(1+ν)
492;MASG2103;M1b;Styrkeberegning 1_4;Hva menes med kombinerte spenninger?;Flere spenningskomponenter virker samtidig i samme punkt;Normal- og skjærspenninger opptrer samtidig;Flere belastningstyper påvirker komponenten;Bare én spenningskomponent virker
493;MASG2103;M1b ;Styrkeberegning 1_4;Hvilken spenning gir en aksial strekkraft?;Normal strekkspenning;σ = F/A;En normalspenning over tverrsnittet;Ren torsjonsspenning
494;MASG2103;M1b;Styrkeberegning 1_4;Hva menes med midlere skjærspenning?;Skjærkraft delt på belastet areal;τmiddel = V/A;En gjennomsnittlig skjærspenning;Maksimal bøyespenning
495;MASG2103;M1b ;Styrkeberegning 1_4;Hvilke spenninger kombineres ofte i en belastet aksel?;Bøyespenning og torsjonsspenning;Normalspenning fra bøying og skjærspenning fra torsjon;Bøyning og vridning virker samtidig;Bare trykkspenning
496;MASG2103;M1b;Styrkeberegning 1_4;Hva gir skjærkraft ved bøying i en bjelke?;En varierende skjærspenning gjennom tverrsnittet;Skjærspenning som ofte er størst nær nøytralaksen;Skjærspenning fra tverrkraften V;Bare normalspenning i ytterfibrene
497;MASG2103;M1b ;Styrkeberegning 1_4;Hvorfor brukes en bruddhypotese ved kombinerte spenninger?;For å sammenligne en fleraksial spenningstilstand med materialets styrke;For å vurdere om kombinasjonen av spenninger er kritisk;For å redusere en kompleks spenningstilstand til et sammenlignbart mål;For å beregne komponentens masse
498;MASG2103;M1b;Styrkeberegning 1_4;Hva beregner von Mises-kriteriet?;En ekvivalentspenning for vurdering av flyting i duktile materialer;En sammenligningsspenning;Et mål for kombinert spenningspåvirkning;Bare maksimal normalspenning
499;MASG2103;M1b ;Styrkeberegning 1_4;Hvilke materialer brukes von Mises særlig for?;Duktile materialer;Metaller med tydelig plastisk flyting;Typisk konstruksjonsstål og andre duktile metaller;Kun sprø keramiske materialer
500;MASG2103;M1b;Styrkeberegning 1_4;Hva bygger Tresca-kriteriet på?;Maksimal skjærspenning;Største forskjell mellom hovedspenningene;Et skjærbasert flytekriterium;Bare middelspenningen
501;MASG2103;M1b ;Styrkeberegning 1_4;Hva er en viktig forskjell mellom Tresca og von Mises?;Tresca er normalt mer konservativt enn von Mises;Tresca gir ofte litt lavere tillatt belastning;Begge brukes for duktile materialer, men kriteriene er ulike;Von Mises brukes bare for tre
502;MASG2103;M1b;Styrkeberegning 1_4;Hva er utmatting?;Skade og mulig brudd etter gjentatte eller varierende belastninger;Sprekkdannelse etter mange lastvekslinger;Svikt som kan utvikles over mange belastningssykluser;Brudd som bare skyldes én statisk overlast
503;MASG2103;M1b ;Styrkeberegning 1_4;Kan utmattingsbrudd oppstå når maksimalspenningen er under flytegrensen?;Ja;Ja, ved tilstrekkelig mange belastningssykluser;Gjentatt belastning kan gi brudd under flytegrensen;Nei, aldri
504;MASG2103;M1b;Styrkeberegning 1_4;Hva viser et utmattingsdiagram?;Sammenhengen mellom spenningsnivå og antall sykluser til brudd;Hvordan levetiden varierer med spenningsamplituden;Materialets utmattingsoppførsel ved gjentatt belastning;Bare sammenhengen mellom masse og kraft
505;MASG2103;M1b ;Styrkeberegning 1_4;Hva menes med spenningsamplitude ved utmatting?;Halve forskjellen mellom maksimal og minimal spenning;σa = (σmax−σmin)/2;Størrelsen på den vekslende delen av spenningen;Summen av maksimal og minimal spenning
506;MASG2103;M1b;Styrkeberegning 1_4;Hvilke komponenter er typisk utsatt for utmatting?;Komponenter med mange gjentatte eller vekslende belastninger;Aksler, fjærer og andre syklisk belastede deler;Deler som belastes om og om igjen;Bare komponenter som aldri beveger seg
507;MASG2103;M1b ;Styrkeberegning 1_4;Hvorfor er kjerver spesielt viktige ved utmatting?;De øker lokal spenningsamplitude og kan starte sprekker;De gir spenningskonsentrasjoner;Sprekkdannelse starter ofte ved lokale spenningstopper;De fjerner lokale spenninger
508;MASG2103;M1b;Styrkeberegning 1_4;Hvordan påvirker dårlig overflate utmattingsstyrken?;Den kan redusere utmattingsstyrken;Riper og overflateskader kan starte utmattingssprekker;Overflatefeil virker som små kjerver;Den øker alltid utmattingsstyrken
509;MASG2103;M1b ;Styrkeberegning 1_4;Hvorfor er tillatt spenning ved utmatting ofte lavere enn ved statisk belastning?;Gjentatte belastninger kan gi brudd ved lavere spenningsnivå;Utmattingsstyrken kan være lavere enn statisk bruddgrense;Mange lastvekslinger reduserer tillatt spenningsnivå;Fordi utmatting bare skjer over bruddgrensen
510;MASG2103;M1b;Styrkeberegning 1_4;Hva må vurderes når σtill bestemmes for en utmattingsutsatt komponent?;Utmattingsstyrke, lastvekslinger, kjervvirkning og sikkerhetsfaktor;Materialets utmattingsdata og lokale spenningsøkninger;Spenningsamplitude og forventet levetid;Bare statisk bruddspenning σb
511;MASG2103;M1b ;Styrkeberegning 1_5;Hva brukes en transformasjonsligning for spenninger til?;Å finne spenningene etter rotasjon av koordinatsystemet;Å transformere normal- og skjærspenninger til en ny retning;Å beskrive samme spenningstilstand i nye akser;Å beregne materialets E-modul
512;MASG2103;M1b;Styrkeberegning 1_5;Hva kan en spenningstransformasjon skrives med?;Transformasjonsligninger eller matriser;En transformasjonsmatrise;Matematisk rotasjon av spenningskomponentene;Bare et kraftdiagram
513;MASG2103;M1b ;Styrkeberegning 1_5;Hva beskriver Mohrs spenningssirkel?;Plan spenningstilstand grafisk;Normal- og skjærspenninger for ulike snittretninger;Hvordan spenningene endres når snittet roteres;Bare materialets bruddgrense
514;MASG2103;M1b;Styrkeberegning 1_5;Hva står den horisontale aksen for i Mohrs sirkel?;Normalspenning σ;Strekk- og trykkspenning;Normalspenningskomponenten;Skjærspenning τ
515;MASG2103;M1b ;Styrkeberegning 1_5;Hva står den vertikale aksen for i vår Mohr-konvensjon?;Skjærspenning τ, med minus opp;Skjærspenning med valgt fortegnskonvensjon;τ-verdien for spenningspunktet;Normalspenning σ
516;MASG2103;M1b;Styrkeberegning 1_5;Hva er positiv normalspenning?;Strekkspenning;Normalspenning som trekker flaten utover;Positiv σ etter vanlig fortegnsregel;Trykkspenning
517;MASG2103;M1b ;Styrkeberegning 1_5;Hva er negativ normalspenning?;Trykkspenning;Normalspenning som presser flaten sammen;Negativ σ etter vanlig fortegnsregel;Strekkspenning
518;MASG2103;M1b;Styrkeberegning 1_5;Hvorfor må fortegnsregelen for skjærspenning følges nøye?;Fordi fortegnet bestemmer riktig plassering og rotasjonsretning i Mohrs sirkel;For å plassere τ riktig i diagrammet;Ellers kan hovedretningene bli feil;Fordi τ alltid skal være positiv
519;MASG2103;M1b ;Styrkeberegning 1_5;Hvorfor kan τ få motsatt fortegn på to vinkelrette flater?;Skjærspenningene må være i likevekt og har motsatt fortegnsvirkning på flatene;De komplementære skjærspenningene virker på ulike flater;Fortegnet følger flatenes orientering;Fordi den ene skjærspenningen alltid er null
520;MASG2103;M1b;Styrkeberegning 1_5;Hva er middelspenningen σm i Mohrs sirkel?;σm = (σx + σy)/2;Gjennomsnittet av de to normalspenningene;Sirkelens sentrum på σ-aksen;σx + σy
521;MASG2103;M1b ;Styrkeberegning 1_5;Hvor ligger sentrum av Mohrs sirkel?;På σ-aksen ved middelspenningen σm;Midt mellom σx og σy på normalspenningsaksen;Ved τ = 0;På τ-aksen ved τmax
522;MASG2103;M1b;Styrkeberegning 1_5;Hva representerer radiusen i Mohrs sirkel?;Avstanden fra middelspenningen til hovedspenningene og maksimal skjærspenning;Størrelsen på spenningsvariasjonen rundt sentrum;τmax og halv forskjell mellom hovedspenningene;Bare σx
523;MASG2103;M1b ;Styrkeberegning 1_5;Hva er hovedspenninger?;Normalspenninger på plan der skjærspenningen er null;Største og minste normalspenning i hovedretningene;σ1 og σ2 for plan spenningstilstand;Skjærspenninger ved τmax
524;MASG2103;M1b;Styrkeberegning 1_5;Hvor finner vi hovedspenningene i Mohrs sirkel?;Der sirkelen skjærer σ-aksen;Ved τ = 0;I sirkelens høyre og venstre ytterpunkt;I topp og bunn av sirkelen
525;MASG2103;M1b ;Styrkeberegning 1_5;Hva betegnes vanligvis som σ1?;Den største hovedspenningen;Hovedspenningen lengst til høyre i Mohrs sirkel;Maksimal hovednormalspenning;Den maksimale skjærspenningen
526;MASG2103;M1b;Styrkeberegning 1_5;Hva betegnes vanligvis som σ2 ved plan spenning?;Den andre eller minste hovedspenningen;Hovedspenningen lengst til venstre i Mohrs sirkel;Den andre hovednormalspenningen;Alltid null
527;MASG2103;M1b ;Styrkeberegning 1_5;Hvor finner vi maksimal skjærspenning i Mohrs sirkel?;I sirkelens øverste og nederste punkt;Ved størst vertikal avstand fra σ-aksen;τmax er lik sirkelradiusen;Der sirkelen skjærer σ-aksen
528;MASG2103;M1b;Styrkeberegning 1_5;Hva er normalspenningen på planet der τ er maksimal?;Middelspenningen σm;Normalspenningen er lik sirkelens sentrum;(σ1 + σ2)/2;Alltid null
529;MASG2103;M1b ;Styrkeberegning 1_5;Hvordan kan maksimal skjærspenning uttrykkes med hovedspenningene?;τmax = (σ1 - σ2)/2;Halve forskjellen mellom hovedspenningene;Lik radiusen i Mohrs sirkel;τmax = σ1 + σ2
530;MASG2103;M1b;Styrkeberegning 1_5;Hvordan finnes største og minste normalspenning grafisk?;Som høyre og venstre skjæringspunkt mellom Mohrs sirkel og σ-aksen;Ved sirkelens to ytterpunkter på normalspenningsaksen;Der τ = 0;Ved topp og bunn av sirkelen
531;MASG2103;M1b ;Styrkeberegning 1_5;Hvorfor brukes vinkelen 2φ i Mohrs sirkel?;En fysisk rotasjon φ tilsvarer en vinkel 2φ i spenningssirkelen;Mohrs sirkel dobler den fysiske rotasjonsvinkelen;Transformasjonsligningene inneholder 2φ;Fordi den fysiske vinkelen alltid er 2φ
532;MASG2103;M1b;Styrkeberegning 1_5;Hvis et snitt roteres φ i komponenten, hvor langt beveger vi oss på Mohrs sirkel?;2φ;Dobbelt så stor vinkel;En vinkel på 2φ langs sirkelen;φ/2
533;MASG2103;M1b ;Styrkeberegning 1_5;Hvorfor tegnes τ-minus opp i denne Mohr-konvensjonen?;For at rotasjonen i Mohrs sirkel skal få samme retning som den fysiske rotasjonen;Det gjør rotasjonsretningen intuitiv og lik i begge diagrammer;Det følger den valgte fortegnskonvensjonen;Fordi negativ skjærspenning fysisk alltid virker oppover
534;MASG2103;M1b;Styrkeberegning 1_5;Hva er fordelen med τ-minus opp når vi roterer et spenningsplan?;Samme rotasjonsretning kan brukes i elementet og på Mohrs sirkel;Det reduserer risikoen for å velge feil retning;Fysisk rotasjon og sirkelrotasjon følger samme vei;Det gjør alle τ-verdier negative
535;MASG2103;M1b ;Styrkeberegning 1_5;Hva beskriver et punkt på Mohrs sirkel?;Normal- og skjærspenningen på et bestemt plan;Et par av verdiene σ og τ;Spenningstilstanden på en bestemt snittflate;Bare normalspenningen
536;MASG2103;M1b;Styrkeberegning 1_5;Hva skjer med σ og τ når vi beveger oss rundt Mohrs sirkel?;De representerer spenningene på plan med ulike orienteringer;Normal- og skjærspenning endres med snittretningen;Vi transformerer spenningstilstanden til nye plan;Materialets E-modul endres
537;MASG2103;M1b ;Styrkeberegning 1_5;Hva kjennetegner et hovedplan?;Skjærspenningen er null;Bare normalspenning virker på planet;Planet har en hovedspenning;Normalspenningen er alltid null
538;MASG2103;M1b;Styrkeberegning 1_5;Hvor stor fysisk vinkel er det mellom et hovedplan og et plan med maksimal skjærspenning?;45°;Halvparten av 90° på Mohrs sirkel;Hoved- og maksskjærplan ligger 45° fra hverandre;90°
539;MASG2103;M1b ;Styrkeberegning 1_5;Hvor stor vinkel er det på Mohrs sirkel mellom hovedspenning og maksimal skjærspenning?;90°;Dobbelt den fysiske vinkelen 45°;En kvart sirkel;45°
540;MASG2103;M1b;Styrkeberegning 1_5;Hva kan vi finne direkte fra en ferdig Mohrs sirkel?;Hovedspenninger, maksimal skjærspenning og tilhørende retninger;σ1, σ2, τmax og orienteringer;Maks/min normalspenning og maksimalt skjær;Bare materialets flytegrense
541;MASG2103;M2;Skjærforbindelser 2_1;Hva beskriver avskjæring?;Krefter parallelt med et snitt forskyver materialdeler;Krefter virker skrått mot et snitt;Krefter virker normalt på et snitt;Materialet utsettes bare for temperatur
542;MASG2103;M2;Skjærforbindelser 2_1;Hva er en skjærkraft V?;Kraft som virker parallelt med et skjærsnitt;Kraft som virker normalt på et skjærsnitt;Kraft som bare gir bøying;Kraft uten retning
543;MASG2103;M2;Skjærforbindelser 2_1;Hva beskriver skjærspenning τ?;Spenning som virker parallelt med en flate;Spenning som virker normalt på en flate;Trykk bare rundt et bolthull;Kun strekk i en plate
544;MASG2103;M2;Skjærforbindelser 2_1;Når kan τ = V/A brukes direkte?;Ved antatt jevnt fordelt skjærspenning;Bare ved bøyespenning;Bare ved torsjon i aksler;Bare når V er null
545;MASG2103;M2;Skjærforbindelser 2_1;Hva representerer A i τ = V/A?;Arealet som overfører skjærkraften;Hele konstruksjonens overflate;Boltens lengde;Platens volum
546;MASG2103;M2;Skjærforbindelser 2_1;Hva bestemmer skjærarealet til en rund bolt i ett skjærplan?;Boltens diameter;Boltens lengde;Platens bredde alene;Mutterens høyde
547;MASG2103;M2;Skjærforbindelser 2_1;Hva er et skjærplan i en bolt?;Planet der bolten kan skjæres av;Planet langs boltens akse;Platens nøytralakse;Kontaktflaten under mutteren
548;MASG2103;M2;Skjærforbindelser 2_1;Hva menes med enkel skjær?;Bolten belastes over ett skjærplan;Bolten belastes over to skjærplan;Platen har ett bolthull;Bolten har én mutter
549;MASG2103;M2;Skjærforbindelser 2_1;Hva menes med dobbel skjær?;Bolten belastes over to skjærplan;Bolten har dobbelt diameter;To bolter står ved siden av hverandre;Platen har dobbel tykkelse
550;MASG2103;M2;Skjærforbindelser 2_1;Hvorfor tåler samme bolt normalt større kraft i dobbel skjær?;Samlet skjærareal er større;Skjærfastheten dobles;Boltens diameter øker;Hulltrykket forsvinner
551;MASG2103;M2;Skjærforbindelser 2_1;Hva er skjærfasthet?;Materialets motstand mot svikt ved skjær;Materialets elastisitetsmodul;Materialets tetthet;Materialets varmeledningsevne
552;MASG2103;M2;Skjærforbindelser 2_1;Hva er tillatt skjærspenning?;Største skjærspenning som tillates ved dimensjonering;Skjærspenningen ved enhver belastning;Alltid materialets strekkfasthet;Skjærspenningen uten sikkerhetsmargin
553;MASG2103;M2;Skjærforbindelser 2_1;Hva er hovedoppgaven til en bolt i en skjærforbindelse?;Å overføre kraft mellom sammenføyde deler;Å redusere materialets styrke;Å hindre all deformasjon;Å øke platens bredde
554;MASG2103;M2;Skjærforbindelser 2_1;Hva er en nagleforbindelse?;En forbindelse som overfører kraft ved hjelp av nagler;En sveiset forbindelse;En limforbindelse;En forbindelse uten festemidler
555;MASG2103;M2;Skjærforbindelser 2_1;Hva skjer med boltens skjærspenning når kraften øker og arealet er uendret?;Skjærspenningen øker;Skjærspenningen blir uendret;Skjærspenningen avtar;Skjærspenningen blir alltid null
556;MASG2103;M2;Skjærforbindelser 2_1;Hva skjer med skjærspenningen når boltdiameteren økes ved samme kraft?;Den reduseres fordi skjærarealet øker;Den øker fordi bolten blir stivere;Den er uendret;Den blir lik normalspenningen
557;MASG2103;M2;Skjærforbindelser 2_1;Hvor oppstår avskjæringsbrudd i en bolt?;I ett eller flere skjærplan;Bare i mutteren;Langs hele boltens akse;Bare i boltens hode
558;MASG2103;M2;Skjærforbindelser 2_1;Hva bør først identifiseres ved kontroll av bolt mot avskjæring?;Antall skjærplan og kraften som overføres;Boltens farge;Mutterens type;Platens overflatefinish alene
559;MASG2103;M2;Skjærforbindelser 2_1;Hvorfor er lastretningen viktig i en skjærforbindelse?;Den avgjør hvordan kraften overføres og hvilke snitt som belastes;Den bestemmer materialets tetthet;Den endrer boltens diameter;Den har ingen betydning
560;MASG2103;M2;Skjærforbindelser 2_1;Hva er forskjellen mellom skjærspenning og normalspenning?;Skjærspenning virker parallelt, normalspenning normalt på flaten;Begge virker alltid parallelt;Begge virker alltid normalt;Det er ingen forskjell
561;MASG2103;M2;Skjærforbindelser 2_1;Hva skjer hvis flere like bolter deler lasten ideelt likt?;Kraften per bolt reduseres;Kraften per bolt øker;Alle bolter får hele lasten;Boltene blir uten belastning
562;MASG2103;M2;Skjærforbindelser 2_1;Hva må vurderes før man antar lik lastfordeling mellom flere bolter?;Geometri og hvordan forbindelsen overfører lasten;Bare boltens farge;Bare antall muttere;Kun platens lengde
563;MASG2103;M2;Skjærforbindelser 2_1;Hva betyr at en forbindelse er lastoverførende?;Kraft føres fra én del til en annen gjennom forbindelsen;Delene berører hverandre uten kraft;Bolten brukes bare til posisjonering;Forbindelsen har ingen spenninger
564;MASG2103;M2;Skjærforbindelser 2_1;Hvilken størrelse sammenlignes med τ_till ved kontroll av bolt?;Beregnet skjærspenning;Platens lengde;Boltens masse;Elastisitetsmodulen
565;MASG2103;M2;Skjærforbindelser 2_1;Hva indikerer τ > τ_till?;Forbindelsen tilfredsstiller ikke skjærkravet;Forbindelsen er alltid sikker;Bolten er ubelastet;Platens nettoareal er alltid stort nok
566;MASG2103;M2;Skjærforbindelser 2_1;Hvorfor brukes tillatte spenninger ved dimensjonering?;For å holde beregnet belastning innen akseptabel sikkerhet;For å gjøre alle bolter like store;For å eliminere alle deformasjoner;For å slippe å kontrollere bruddformer
567;MASG2103;M2;Skjærforbindelser 2_1;Hva er boltdiameter d særlig viktig for?;Boltens skjærareal og kontaktareal mot platen;Bare boltens lengde;Kun mutterens størrelse;Bare platens bredde
568;MASG2103;M2;Skjærforbindelser 2_1;Hva kan skje dersom bolten har for lite skjærareal?;Skjærspenningen kan bli for høy;Hulltrykket blir alltid null;Platen får større nettoareal;Bolten blir automatisk sterkere
569;MASG2103;M2;Skjærforbindelser 2_1;Hvorfor kontrolleres både bolt og plate i en skjærforbindelse?;Flere forskjellige bruddformer kan være dimensjonerende;Bare bolten kan svikte;Bare platen kan svikte;Kontrollene gir alltid samme resultat
570;MASG2103;M2;Skjærforbindelser 2_1;Hva er et sentralt prinsipp ved dimensjonering av skjærforbindelser?;Kontroller alle relevante lastveier og bruddformer;Kontroller bare den største bolten;Bruk alltid maksimal mulig diameter;Se bort fra hull i platen
571;MASG2103;M2;Skjærforbindelser 2_2;Hva er hulltrykk?;Kontakttrykk mellom bolt og materialet rundt hullet;Skjærspenning midt i bolten;Strekkspenning langt fra hullet;Trykk under boltens hode alene
572;MASG2103;M2;Skjærforbindelser 2_2;Hvor oppstår hulltrykkspenning?;I kontaktområdet mellom bolt og hullkant;Bare i boltens sentrum;Kun ved platekanten;I hele platen jevnt
573;MASG2103;M2;Skjærforbindelser 2_2;Hva uttrykker σh = F/(d·t) prinsipielt?;Gjennomsnittlig hulltrykk over projisert kontaktareal;Boltens skjærspenning;Platens bruttostrekkspenning;Boltens bøyespenning
574;MASG2103;M2;Skjærforbindelser 2_2;Hvilke dimensjoner bestemmer det projiserte arealet ved hulltrykk?;Boltdiameter d og platetykkelse t;Platebredde b og boltlengde;Boltens radius og mutterhøyde;Bare platetykkelsen
575;MASG2103;M2;Skjærforbindelser 2_2;Hva skjer med hulltrykkspenningen når platetykkelsen øker ved samme last?;Den reduseres;Den øker;Den er alltid uendret;Den blir lik skjærspenningen
576;MASG2103;M2;Skjærforbindelser 2_2;Hva skjer med hulltrykkspenningen når boltdiameteren øker ved samme last?;Den reduseres fordi kontaktarealet øker;Den øker fordi bolten blir større;Den blir uendret;Den blir alltid null
577;MASG2103;M2;Skjærforbindelser 2_2;Hvorfor kan faktisk hulltrykk være ujevnt fordelt?;Kontakt mellom bolt og hull gir lokal spenningsfordeling;Materialet har ingen kontakt med bolten;Kraften virker alltid i sentrum uten kontakt;Hulltrykk er alltid helt jevnt
578;MASG2103;M2;Skjærforbindelser 2_2;Hva kan for stort hulltrykk føre til?;Lokal deformasjon og svikt ved hullkanten;Økt netto tverrsnitt;Lavere kraft i forbindelsen automatisk;Ingen påvirkning på platen
579;MASG2103;M2;Skjærforbindelser 2_2;Hva menes med redusert tverrsnitt?;Et snitt svekket av ett eller flere bolthull;Platens opprinnelige fulle tverrsnitt;Boltens tverrsnitt;Arealet under mutteren
580;MASG2103;M2;Skjærforbindelser 2_2;Hvorfor reduserer et bolthull platens bæreevne i strekk?;Det fjerner materiale fra det lastbærende snittet;Det øker alltid platetykkelsen;Det reduserer strekkraften til null;Det øker materialets flytegrense
581;MASG2103;M2;Skjærforbindelser 2_2;Hva er netto tverrsnittsareal?;Arealet som gjenstår i et kritisk snitt etter fratrekk for hull;Hele platens bruttoareal;Boltens skjærareal;Kontaktarealet under boltens hode
582;MASG2103;M2;Skjærforbindelser 2_2;Hvilket areal brukes ved kontroll av strekkspenning gjennom et bolthullsnitt?;Netto eller redusert tverrsnittsareal;Alltid bruttoarealet;Boltens areal;Mutterens areal
583;MASG2103;M2;Skjærforbindelser 2_2;Hva kan skje hvis netto tverrsnitt blir for lite?;Platen kan få strekkbrudd gjennom hullrekken;Bolten får alltid dobbel skjær;Hulltrykket forsvinner;Platen blir stivere
584;MASG2103;M2;Skjærforbindelser 2_2;Hva er kantavstand?;Avstand fra hullsenter til nærmeste frie platekant;Avstand mellom to muttere;Boltens lengde gjennom platen;Platens totale bredde
585;MASG2103;M2;Skjærforbindelser 2_2;Hvorfor er tilstrekkelig kantavstand viktig?;For å redusere risiko for utskjæring og hullkantbrudd;For å øke boltens skjærspenning;For å redusere boltens diameter;For å gjøre nettoarealet null
586;MASG2103;M2;Skjærforbindelser 2_2;Hva er bolteavstand?;Avstand mellom bolter eller nagler i forbindelsen;Avstand fra bolt til plateoverflate;Boltens gjengelengde;Platetykkelsen
587;MASG2103;M2;Skjærforbindelser 2_2;Hvorfor må avstanden mellom bolthull vurderes?;Hullene påvirker tilgjengelig materiale og mulige bruddsnitt;Den bestemmer bare utseendet;Den påvirker ikke styrken;Den bestemmer boltens materiale
588;MASG2103;M2;Skjærforbindelser 2_2;Hva er forankringslengde i en boltforbindelse?;Materiallengde foran eller bak hullet som bidrar til kraftoverføring;Boltens totale lengde;Gjengelengden i mutteren;Platebredden vinkelrett på kraften
589;MASG2103;M2;Skjærforbindelser 2_2;Hva er effektiv forankringslengde leff?;Den delen av forankringslengden som regnes effektiv ved skjærkontroll av platen;Hele boltens lengde;Avstanden mellom bolthode og mutter;Platens brutto bredde
590;MASG2103;M2;Skjærforbindelser 2_2;Hva kan skje hvis effektiv forankringslengde er for liten?;Materialet kan skjæres ut mot platekanten;Boltens skjærareal øker;Nettoarealet blir større;Hulltrykket blir null
591;MASG2103;M2;Skjærforbindelser 2_2;Hva beskriver avskjæringsbrudd i plate?;Materialet mellom hull og kant skjæres ut;Bolten ryker i sitt skjærplan;Platen ryker bare ved bøying;Mutteren løsner uten materialsvikt
592;MASG2103;M2;Skjærforbindelser 2_2;Hva beskriver hullkantbrudd?;Lokal svikt rundt hullet på grunn av høyt kontakttrykk eller liten kantavstand;Skjærbrudd midt i bolten;Rent strekkbrudd langt fra hull;Brudd i muttergjengene alene
593;MASG2103;M2;Skjærforbindelser 2_2;Hva beskriver strekkbrudd i netto snitt?;Platen ryker gjennom et snitt svekket av bolthull;Bolten skjæres av;Platen presses lokalt ved hullet;Boltens hode deformeres
594;MASG2103;M2;Skjærforbindelser 2_2;Hvorfor må både hulltrykk og netto tverrsnitt kontrolleres?;De representerer ulike mulige sviktformer i platen;De er nøyaktig samme kontroll;Bare én av dem kan eksistere;Begge gjelder bare bolten
595;MASG2103;M2;Skjærforbindelser 2_2;Hva skjer med nettoarealet når hulldiameteren øker og platebredden er uendret?;Nettoarealet reduseres;Nettoarealet øker;Nettoarealet er uendret;Nettoarealet blir lik boltarealet
596;MASG2103;M2;Skjærforbindelser 2_2;Hva skjer normalt med strekkspenningen i netto snitt når nettoarealet reduseres ved samme kraft?;Den øker;Den reduseres;Den er uendret;Den blir null
597;MASG2103;M2;Skjærforbindelser 2_2;Hvor er det naturlig å lete etter kritiske netto snitt i en flerboltforbindelse?;Gjennom hullrekker der lite materiale gjenstår og kraften fortsatt er stor;Bare ved platens frie ende uten hull;Kun gjennom boltens sentrum;Kritisk snitt finnes ikke
598;MASG2103;M2;Skjærforbindelser 2_2;Hvorfor må kraften i platen vurderes ved forskjellige snitt gjennom en flerboltforbindelse?;Kraft overføres gradvis gjennom boltene;Kraften er alltid null etter første bolt;Alle snitt har nødvendigvis samme nettoareal og kraft;Bare siste bolt overfører kraft
599;MASG2103;M2;Skjærforbindelser 2_2;Hva betyr at kraft overføres gradvis fra plate til bolter?;Den gjenværende kraften i platen kan avta forbi hver boltgruppe;Kraften øker alltid forbi hver bolt;Ingen bolt tar opp kraft;Bare platen uten hull overfører kraft
600;MASG2103;M2;Skjærforbindelser 2_2;Hva er hovedhensikten med kontroll av hullområdet?;Å sikre at plate, hullkant og forankring tåler lokal kraftoverføring;Å beregne boltens masse;Å bestemme platens farge;Å eliminere behovet for skjærkontroll
601;MASG2103;M2;Skjærforbindelser 2_3;Hva bør dimensjoneringen av en skjærforbindelse starte med?;Kartlegg lastvei, geometri og mulige bruddformer;Velg største tilgjengelige bolt;Kontroller bare platebredden;Anta at forbindelsen er sikker
602;MASG2103;M2;Skjærforbindelser 2_3;Hvilke hoveddeler bør normalt kontrolleres?;Bolt og sammenføyde plater eller lasker;Bare bolthodet;Bare mutteren;Kun overflatebehandlingen
603;MASG2103;M2;Skjærforbindelser 2_3;Hvilken kontroll avgjør om bolten tåler direkte skjær?;Beregnet τ sammenlignes med τtill;σh sammenlignes med platens bredde;Nettoarealet sammenlignes med boltlengden;Kantavstanden sammenlignes med mutterhøyden
604;MASG2103;M2;Skjærforbindelser 2_3;Hvordan påvirker flere skjærplan boltens kapasitet?;De øker samlet skjærareal;De reduserer alltid boltdiameteren;De øker alltid hulltrykket;De fjerner behovet for platekontroll
605;MASG2103;M2;Skjærforbindelser 2_3;Hva må kontrolleres for platen gjennom en hullrekke?;Strekkspenning i redusert/netto tverrsnitt;Bare boltens skjærspenning;Kun platens bruttoareal;Bare boltens lengde
606;MASG2103;M2;Skjærforbindelser 2_3;Hva må kontrolleres mellom bolt og hullkant?;Hulltrykkspenning;Kun bøyespenning i bolten;Temperaturspenning;Torsjon i platen
607;MASG2103;M2;Skjærforbindelser 2_3;Hva må kontrolleres mellom bolthull og fri kant?;Risiko for avskjæring eller utriving av platen;Bare boltens strekk;Kun mutterens styrke;Ingen kontroll er nødvendig
608;MASG2103;M2;Skjærforbindelser 2_3;Hvorfor kan den største beregnede spenningen være dimensjonerende?;Den kan ligge nærmest sin tillatte verdi;Største spenning er alltid ufarlig;Bare minste spenning teller;Tillatte spenninger brukes ikke
609;MASG2103;M2;Skjærforbindelser 2_3;Hva menes med dimensjonerende bruddform?;Den sviktformen som først begrenser forbindelsens kapasitet;Den bruddformen som ser mest dramatisk ut;Alltid boltbrudd;Alltid strekkbrudd i platen
610;MASG2103;M2;Skjærforbindelser 2_3;Kan en større bolt alene sikre hele forbindelsen?;Nei, platen og kantavstander må også kontrolleres;Ja, alltid;Ja, dersom mutteren er stor;Ja, hulltrykk blir da irrelevant
611;MASG2103;M2;Skjærforbindelser 2_3;Hvorfor kan økt boltdiameter både hjelpe og skape nye utfordringer?;Boltarealet øker, men større hull reduserer platens nettoareal;Større bolt reduserer alltid alle spenninger;Større bolt øker alltid nettoarealet;Boltdiameter påvirker bare utseendet
612;MASG2103;M2;Skjærforbindelser 2_3;Hva er hensikten med å kontrollere flere mulige snitt i platen?;Å finne det mest kritiske lastbærende snittet;Å få samme resultat flere ganger;Å kontrollere boltens materiale;Å unngå bruk av nettoareal
613;MASG2103;M2;Skjærforbindelser 2_3;Hvorfor kan første hullrekke være kritisk i en forbindelse?;Platen kan fortsatt føre stor kraft samtidig som tverrsnittet er redusert;Første hull har alltid minst diameter;Kraften er alltid null ved første hull;Første hull har aldri hulltrykk
614;MASG2103;M2;Skjærforbindelser 2_3;Hvorfor kan en annen hullrekke enn den første også bli kritisk?;Kombinasjonen av gjenværende kraft og mindre nettoareal kan være ugunstig;Bare første hullrekke kan svikte;Kraften øker alltid lineært gjennom platen;Alle snitt er identiske
615;MASG2103;M2;Skjærforbindelser 2_3;Hva bør gjøres hvis τ i bolten overstiger τtill?;Øk kapasiteten, for eksempel større/flere bolter eller flere skjærplan;Reduser platetykkelsen;Reduser kantavstanden;Gjør bolthullene større uten annen endring
616;MASG2103;M2;Skjærforbindelser 2_3;Hva kan være et tiltak dersom hulltrykket blir for høyt?;Øke boltdiameter eller platetykkelse, eller redusere last per bolt;Redusere platetykkelsen;Øke hullet uten å endre bolten;Redusere kantavstanden
617;MASG2103;M2;Skjærforbindelser 2_3;Hva kan være et tiltak dersom netto strekkspenning i platen blir for høy?;Øke platebredde/tykkelse eller forbedre hulloppsettet;Øke hulldiameteren;Redusere nettoarealet;Flytte hullene tettere uten kontroll
618;MASG2103;M2;Skjærforbindelser 2_3;Hva kan være et tiltak mot utskjæring ved platekanten?;Øke kant- eller forankringslengden;Redusere kantavstanden;Øke hullstørrelsen alene;Gjøre platen smalere
619;MASG2103;M2;Skjærforbindelser 2_3;Hvorfor brukes flere bolter i en forbindelse?;For å fordele og overføre en større total last;For å gjøre hver bolt mer belastet;For å fjerne behovet for platekontroll;For å gjøre nettoarealet større automatisk
620;MASG2103;M2;Skjærforbindelser 2_3;Hva må man være forsiktig med når man fordeler last likt på flere bolter?;Virkelig lastfordeling kan påvirkes av geometri og stivhet;Lasten er alltid helt lik uansett geometri;Bare boltdiameter bestemmer fordelingen;Lastfordeling har ingen betydning
621;MASG2103;M2;Skjærforbindelser 2_3;Hva er sammenhengen mellom tillatt spenning og sikker dimensjonering?;Beregnet spenning skal normalt ikke overstige tillatt spenning;Beregnet spenning skal alltid være større;Tillatt spenning er bare en materialtetthet;De to størrelsene skal ikke sammenlignes
622;MASG2103;M2;Skjærforbindelser 2_3;Hvorfor brukes forskjellige tillatte spenninger for bolt og plate?;Materialer og sviktformer kan ha ulik kapasitet;Alle materialer har samme styrke;Bare geometrien bestemmer styrken;Tillatt spenning gjelder bare bolter
623;MASG2103;M2;Skjærforbindelser 2_3;Hva viser en kontroll av avskjæringsbrudd i bolt?;Om boltens skjærareal tåler kraften i skjærplanet;Om platen tåler hulltrykk;Om netto snitt tåler strekk;Om kantavstanden er stor nok
624;MASG2103;M2;Skjærforbindelser 2_3;Hva viser en kontroll av strekkbrudd i netto snitt?;Om gjenværende plateareal tåler strekkraften;Om bolten tåler skjær;Om mutteren tåler torsjon;Om bolthodet er stort nok
625;MASG2103;M2;Skjærforbindelser 2_3;Hva viser en kontroll av hulltrykk?;Om lokal kontakt mellom bolt og plate er akseptabel;Om boltens lengde er korrekt;Om platen har nok bruttoareal uten hull;Om forbindelsen er temperaturbestandig
626;MASG2103;M2;Skjærforbindelser 2_3;Hva viser en kontroll av effektiv forankringslengde?;Om det er nok materiale til å overføre kraft uten utskjæring;Om boltens skjærareal er stort nok;Om mutteren er tilstrekkelig høy;Om platen er lang nok totalt
627;MASG2103;M2;Skjærforbindelser 2_3;Når er en skjærforbindelse ferdig dimensjonert etter denne teorien?;Når alle relevante bruddformer tilfredsstiller sine krav;Når boltens diameter er valgt;Når én kontroll er godkjent;Når platen ser kraftig nok ut
628;MASG2103;M2;Skjærforbindelser 2_3;Hvorfor er det utilstrekkelig bare å kontrollere gjennomsnittlig skjærspenning i bolten?;Platen kan svikte ved hulltrykk, netto snitt eller utskjæring;Bolten kan aldri svikte i skjær;Skjærspenning brukes ikke i boltforbindelser;Plategeometrien påvirker aldri kapasiteten
629;MASG2103;M2;Skjærforbindelser 2_3;Hva er den mest robuste arbeidsmåten ved analyse av en ukjent boltforbindelse?;Identifiser lastvei og kontroller systematisk alle aktuelle sviktformer;Start med tilfeldig boltstørrelse og stopp etter én kontroll;Kontroller bare den synlige delen;Anta samme kapasitet for alle bruddformer
630;MASG2103;M2;Skjærforbindelser 2_3;Hva er hovedmålet med dimensjonering av en skjærforbindelse?;At kraften kan overføres uten at noen relevant bruddform overskrider tillatt nivå;At boltene blir størst mulig;At platen får flest mulig hull;At alle spenninger blir nøyaktig like
631;MASG2104;M3;Skrueforbindelser 3.2;Hva viser et forbindelsesdiagram (joint diagram) for en boltet forbindelse?;Last–deformasjonsforholdet for bolten og de sammenklemte delene.;Forholdet mellom boltens strekkraft og tiltrekkingsmomentet.;Bare deformasjonen i bolten.;Kun geometrien til bolt og mutter.
632;MASG2105;M3;Skrueforbindelser 3.2;Hva skjer med bolten når mutteren trekkes til mot forbindelsen?;Bolten forlenges og det bygges opp en strekkraft/forspenningskraft.;Bolten forkortes og det bygges opp trykkspenning.;Bolten forlenges uten at det oppstår kraft.;Bolten får hovedsakelig skjærspenning.
633;MASG2106;M3;Skrueforbindelser 3.2;Hva er reaksjonen på boltens forspenningskraft i de sammenklemte delene?;En klemkraft som komprimerer de sammenklemte delene.;En like stor strekkraft i de sammenklemte delene.;En skjærkraft mellom mutter og bolt.;En kraft som åpner forbindelsen.
634;MASG2107;M3;Skrueforbindelser 3.2;Hva representerer helningen på linjene i et forbindelsesdiagram?;Stivheten til henholdsvis bolten og de sammenklemte delene.;Flytegrensen til boltmaterialet.;Friksjonskoeffisienten i gjengene.;Tiltrekkingsmomentet på mutteren.
635;MASG2108;M3;Skrueforbindelser 3.2;Hvilken del er vanligvis stivest i en boltet forbindelse?;De sammenklemte delene er vanligvis stivere enn bolten.;Bolten er alltid stivere enn de sammenklemte delene.;Bolten og delene har alltid samme stivhet.;Stivheten bestemmes bare av boltens fasthetsklasse.
636;MASG2109;M3;Skrueforbindelser 3.2;Hvorfor dannes en trekant i det grunnleggende forbindelsesdiagrammet?;Fordi klemkraften i forbindelsen er lik boltens forspenningskraft.;Fordi boltens bruddlast er lik den ytre lasten.;Fordi strekk- og skjærkraft alltid er like.;Fordi tiltrekkingsmomentet er konstant.
637;MASG2110;M3;Skrueforbindelser 3.2;Hvordan angis boltens forlengelse i det grunnleggende forbindelsesdiagrammet?;Som positiv deformasjon.;Som negativ deformasjon.;Som null deformasjon.;Som en vinkelendring.
638;MASG2111;M3;Skrueforbindelser 3.2;Hvordan angis kompresjonen av de sammenklemte delene i forbindelsesdiagrammet?;Som negativ deformasjon.;Som positiv deformasjon.;Som ren skjærdeformasjon.;Som null deformasjon.
639;MASG2112;M3;Skrueforbindelser 3.2;Hva skjer når en ytre strekkraft påføres en forspent boltet forbindelse?;Klemkraften reduseres samtidig som kraften i bolten øker.;Klemkraften og boltkraften øker like mye.;Bare boltkraften reduseres.;Forspenningen påvirkes ikke.
640;MASG2113;M3;Skrueforbindelser 3.2;Tar bolten opp hele den ytre strekkraften så lenge forbindelsen fortsatt er sammenklemt?;Nei, bare en andel av lasten går til økt boltkraft.;Ja, hele den ytre lasten går direkte inn i bolten.;Ja, men bare dersom forbindelsen er forspent.;Nei, bolten tar ikke opp noe av den ytre lasten.
641;MASG2114;M3;Skrueforbindelser 3.2;Hva bestemmer hvor stor del av en ytre strekkraft som øker kraften i bolten?;Det relative stivhetsforholdet mellom bolten og de sammenklemte delene.;Bare boltens diameter.;Bare friksjonen under mutteren.;Kun størrelsen på tiltrekkingsmomentet.
642;MASG2115;M3;Skrueforbindelser 3.2;Hva kjennetegner en såkalt «hard» boltet forbindelse?;Relativt ettergivende bolt og stive sammenklemte deler.;Stiv bolt og ettergivende sammenklemte deler.;En forbindelse uten forspenning.;En forbindelse med svært hardt boltmateriale.
643;MASG2116;M3;Skrueforbindelser 3.2;Hvordan påvirkes bolten av en ytre strekkraft i en «hard» forbindelse?;Bolten tar opp en relativt liten andel av den ytre kraften.;Bolten tar opp hele den ytre kraften.;Boltkraften blir alltid redusert.;Den ytre kraften påvirker bare mutteren.
644;MASG2117;M3;Skrueforbindelser 3.2;Hva kjennetegner en såkalt «myk» forbindelse?;En relativt stiv bolt kombinert med relativt ettergivende sammenklemte deler.;En ettergivende bolt kombinert med svært stive sammenklemte deler.;En bolt med lav fasthetsklasse.;En forbindelse uten kontakt mellom delene.
645;MASG2118;M3;Skrueforbindelser 3.2;Hva skjer typisk med lastfordelingen i en «myk» forbindelse?;Bolten tar opp en større andel av den ytre strekkraften.;De sammenklemte delene tar opp hele strekkraften.;Bolten avlastes når den ytre strekkraften øker.;Stivhetsforholdet har ingen betydning.
646;MASG2119;M3;Skrueforbindelser 3.2;Hvorfor kan skaftet på høyytelsesbolter være redusert i diameter?;For å redusere boltens stivhet og dermed redusere andelen av ytre last som bolten tar opp.;For å øke boltens stivhet og få den til å ta hele lasten.;For å øke friksjonen mellom bolt og hull.;For å hindre at mutteren kan løsnes.
647;MASG2120;M3;Skrueforbindelser 3.2;Hva er hensikten med å gjøre bolten mer ettergivende i en forspent forbindelse?;Å redusere økningen i boltkraft når forbindelsen utsettes for ytre strekkraft.;Å eliminere behovet for forspenning.;Å gjøre bolten sterkere i skjær.;Å øke klemkraften uten tiltrekking.
648;MASG2121;M3;Skrueforbindelser 3.2;Hva skjer med klemkraften når den ytre strekkraften gradvis økes?;Klemkraften reduseres gradvis.;Klemkraften øker proporsjonalt.;Klemkraften er alltid konstant.;Klemkraften skifter retning og blir strekkraft.
649;MASG2122;M3;Skrueforbindelser 3.2;Hva kan skje dersom summen av forspenningen og tilleggskraften i bolten blir for stor?;Bolten kan overskride flytegrensen og få plastisk deformasjon eller svikte.;De sammenklemte delene blir alltid elastisk avlastet.;Bolten får bare større sikkerhetsmargin.;Forspenningen øker uten noen begrensning.
650;MASG2123;M3;Skrueforbindelser 3.2;Hva kan skje med forspenningen dersom bolten har vært belastet over flytegrensen og den ytre lasten fjernes?;Forspenningen kan bli redusert.;Forspenningen blir alltid større enn før.;Forspenningen blir nødvendigvis uendret.;Bolten går alltid tilbake til sin opprinnelige lengde uten endring.
651;MASG2124;M3;Skrueforbindelser 3.2;Når oppstår en spalteåpning mellom de sammenklemte delene?;Når klemkraften er redusert til null og den ytre strekkraften økes videre.;Så snart en hvilken som helst ytre strekkraft påføres.;Når boltens forspenning økes.;Når forbindelsen utsettes for ytre trykkraft.
652;MASG2125;M3;Skrueforbindelser 3.2;Hva skjer med ytterligere ytre strekkraft etter at det har oppstått spalteåpning?;Bolten må ta opp hele den videre økningen i ytre kraft.;De sammenklemte delene tar opp hele kraftøkningen.;Kraftøkningen forsvinner fordi forbindelsen er åpen.;Forspenningen øker automatisk.
653;MASG2126;M3;Skrueforbindelser 3.2;Hvorfor er spalteåpning uønsket i en boltet forbindelse?;Den kan gi ikke-lineær belastning med blant annet bøying og skjær i bolten og raskt føre til svikt.;Den reduserer bare friksjonen i gjengene.;Den gjør bolten mer elastisk og derfor sikrere.;Den har normalt ingen betydning for boltens levetid.
654;MASG2127;M3;Skrueforbindelser 3.2;Hva er et viktig konstruksjonskriterium for en forspent boltet forbindelse?;Ytre belastninger skal ikke føre til at det oppstår spalteåpning i forbindelsen.;Bolten skal alltid ta opp hele den ytre lasten.;Forspenningen skal være så liten som mulig.;De sammenklemte delene skal alltid være mykere enn bolten.
655;MASG2128;M3;Skrueforbindelser 3.2;Hva er hovedvirkningen av en ytre trykkraft på en forspent boltet forbindelse?;Klemkraften øker, mens strekkraften i bolten reduseres.;Klemkraften reduseres, mens strekkraften i bolten øker.;Både klemkraft og boltkraft reduseres like mye.;Trykkraften påvirker ikke en forspent forbindelse.
656;MASG2129;M3;Skrueforbindelser 3.2;Hva kan skje dersom en stor ytre trykkraft reduserer strekkraften i bolten til en svært lav verdi?;Bolten kan bli mer utsatt for vibrasjonsløsning.;Bolten vil alltid få større forspenning.;Bolten vil automatisk låse mutteren.;Bolten går umiddelbart til brudd i rent skjær.
657;MASG2130;M3;Skrueforbindelser 3.2;Hvorfor kan en bolt få utmattingsproblemer ved en syklisk ytre trykkbelastning?;Fordi strekkraften i bolten kan variere syklisk selv om den ytre lasten er en trykkraft.;Fordi bolten alltid går helt over i trykk.;Fordi gjengene slutter å overføre kraft.;Fordi bolten ikke påvirkes av forspenningen.
658;MASG2131;M3;Skrueforbindelser 3.2;Hva kan skje med de sammenklemte delene ved en svært stor ytre trykkraft?;Materialets flytegrense i trykk kan overskrides og gi permanent deformasjon.;Delene får alltid bare elastisk strekkdeformasjon.;De sammenklemte delene mister all kontakt umiddelbart.;Trykkraft kan ikke deformere de sammenklemte delene.
659;MASG2132;M3;Skrueforbindelser 3.2;Hvordan kan permanent deformasjon i de sammenklemte delene påvirke forbindelsen etter at den ytre trykkraften fjernes?;Den kan føre til tap av boltens forspenning.;Den vil alltid øke boltens forspenning.;Den påvirker bare boltens skjærfasthet.;Den har ingen virkning på forbindelsen.
660;MASG2133;M3;Skrueforbindelser 3.2;Hva er den viktigste grunnen til å analysere både boltens og forbindelsens stivhet?;Stivhetsforholdet bestemmer hvordan en ytre last fordeles mellom økt boltkraft og endret klemkraft.;Stivheten bestemmer bare hvilket tiltrekkingsverktøy som skal brukes.;Stivheten brukes bare til å finne boltens gjengestigning.;Stivhetsforholdet er uten betydning når bolten er forspent.
661;MASG2134;M3;Skrueforbindelser 3.1;Hva menes med en skrues hoveddiameter (major diameter)?;Den største diameteren over gjengenes topper.;Diameteren omtrent midt mellom gjengenes topp og bunn.;Den minste diameteren i gjengen.;Diameteren på skruehodet.
662;MASG2135;M3;Skrueforbindelser 3.1;Hva menes med en skrues kjernediameter/minordiameter?;Den minste diameteren målt ved bunnen av en utvendig gjenge.;Diameteren målt ved gjengenes topper.;Gjengens effektive diameter.;Diameteren under skruehodet.
663;MASG2136;M3;Skrueforbindelser 3.1;Hva er delingsdiameteren (pitch diameter)?;En tenkt diameter der gjengebredde og mellomrom mellom gjengene er like store.;Den største diameteren på gjengen.;Den minste diameteren på gjengen.;Diameteren på skrueskaftet uten gjenger.
664;MASG2137;M3;Skrueforbindelser 3.1;Hva er gjengestigning p?;Aksial avstand mellom tilsvarende punkter på to nabogjenger.;Gjengens radiale høyde.;Aksial bevegelse per omdreining for alle typer flerstartsgjenger.;Avstanden fra skruehodet til første gjenge.
665;MASG2138;M3;Skrueforbindelser 3.1;Hva er lead (føring) for en gjenge?;Den aksiale bevegelsen ved én hel omdreining.;Avstanden mellom to nabogjenger uansett antall gjengestarter.;Gjengens totale lengde.;Vinkelen på gjengeflanken.
666;MASG2139;M3;Skrueforbindelser 3.1;For en vanlig énstartsgjenge, hvordan er lead i forhold til stigning p?;Lead er lik stigningen p.;Lead er alltid to ganger p.;Lead er halvparten av p.;Lead er uavhengig av p.
667;MASG2140;M3;Skrueforbindelser 3.1;Hva kalles toppen av en gjengeprofil?;Gjengens topp (crest).;Gjengeroten.;Gjengeflanken.;Delingsdiameteren.
668;MASG2141;M3;Skrueforbindelser 3.1;Hva kalles bunnen mellom to gjenger?;Gjengeroten (root).;Gjengens topp.;Gjengeflanken.;Hoveddiameteren.
669;MASG2142;M3;Skrueforbindelser 3.1;Hva er gjengeflanken?;Siden av gjengeprofilen mellom topp og rot.;Den flate enden av skruen.;Overgangen mellom skruehode og skaft.;Den utvendige diameteren på gjengen.
670;MASG2143;M3;Skrueforbindelser 3.1;Hva er gjengevinkelen for en standard ISO metrisk M-gjenge?;60°.;55°.;30°.;90°.
671;MASG2144;M3;Skrueforbindelser 3.1;Hva betyr betegnelsen M12 × 1,75?;Metrisk gjenge med nominell diameter 12 mm og stigning 1,75 mm.;Metrisk gjenge med kjernediameter 12 mm og gjengelengde 1,75 mm.;12 gjenger per mm og diameter 1,75 mm.;Skrue med 12 mm hode og 1,75 mm skaft.
672;MASG2145;M3;Skrueforbindelser 3.1;Hva angir tallet 12 i betegnelsen M12?;Den nominelle hoveddiameteren i millimeter.;Kjernediameteren i millimeter.;Gjengestigningen i millimeter.;Skruehodets nøkkelvidde.
673;MASG2146;M3;Skrueforbindelser 3.1;Hva er en utvendig gjenge?;En gjenge på utsiden av en skrue eller bolt.;En gjenge inne i en mutter eller et gjenget hull.;En gjenge uten stigning.;En gjenge på undersiden av skruehodet.
674;MASG2147;M3;Skrueforbindelser 3.1;Hva er en innvendig gjenge?;En gjenge inne i en mutter eller et gjenget hull.;En gjenge på utsiden av en bolt.;En gjenge med liten diameter.;En gjenge som bare brukes i blindhull.
675;MASG2148;M3;Skrueforbindelser 3.1;Hva menes med skrueskaftet (shank)?;Den sylindriske delen mellom hodet og enden, som kan være helt eller delvis ugjenget.;Bare den gjengede delen av skruen.;Selve skruehodet.;Kun den siste gjengen ved skruespissen.
676;MASG2149;M3;Skrueforbindelser 3.1;Hva er skruehodets viktigste funksjon i en vanlig skrueforbindelse?;Å gi anleggsflate og mulighet for å dreie eller holde skruen.;Å redusere gjengestigningen.;Å bestemme kjernediameteren.;Å hindre all elastisk deformasjon i skruen.
677;MASG2150;M3;Skrueforbindelser 3.1;Hva menes med anleggsflaten under skruehodet?;Flaten som ligger mot og overfører kraft til den sammenklemte delen.;Flaten mellom to gjengeflanker.;Endeflaten på skruespissen.;Flaten som bestemmer gjengestigningen.
678;MASG2151;M3;Skrueforbindelser 3.1;Hva menes med skruens gripelengde i en forbindelse?;Den samlede tykkelsen av materialet som klemmes sammen.;Lengden på den gjengede delen.;Hele skruens lengde inkludert hodet.;Avstanden mellom to gjenger.
679;MASG2152;M3;Skrueforbindelser 3.1;Hva er gjengelengden på en skrue?;Lengden av den delen av skruen som har gjenger.;Avstanden fra hodets overside til skruespissen.;Tykkelsen på delene som klemmes sammen.;Lengden av den ugjengede delen.
680;MASG2153;M3;Skrueforbindelser 3.1;Hvor måles vanligvis lengden på en sekskanthodeskrue fra?;Fra anleggsflaten under hodet til skruens ende.;Fra toppen av skruehodet til enden.;Fra første gjenge til siste gjenge.;Fra midten av hodet til mutteren.
681;MASG2154;M3;Skrueforbindelser 3.1;Hva er en viktig geometrisk forskjell mellom en delgjenget og en helgjenget skrue?;En delgjenget skrue har en ugjenget skaftdel, mens en helgjenget skrue har gjenger langs nesten hele skaftet.;En delgjenget skrue har alltid finere gjenger.;En helgjenget skrue mangler skruehode.;En delgjenget skrue har ingen hoveddiameter.
682;MASG2155;M3;Skrueforbindelser 3.1;Hva er strekkspenningsarealet At for en gjenget skrue?;Et effektivt areal som brukes ved beregning av strekkspenning i den gjengede delen.;Arealet beregnet direkte fra skruehodets diameter.;Arealet av den største sirkelen over gjengen.;Kontaktarealet mellom mutter og underlag.
683;MASG2156;M3;Skrueforbindelser 3.1;Hvorfor brukes At og ikke arealet basert på nominell diameter ved strekkberegning av gjengen?;Fordi gjengene reduserer det effektive lastbærende tverrsnittet.;Fordi nominell diameter bare gjelder mutteren.;Fordi At alltid er større enn skaftarealet.;Fordi gjengestigningen ikke påvirker tverrsnittet.
684;MASG2157;M3;Skrueforbindelser 3.1;Hva er hovedforskjellen mellom grovgjenge og fingjenge med samme nominelle diameter?;Fingjengen har mindre stigning og flere gjenger per lengdeenhet.;Fingjengen har større nominell diameter.;Grovgjengen har alltid mindre skruehode.;Fingjengen har ingen gjengerot.
685;MASG2158;M3;Skrueforbindelser 3.1;Hvordan påvirker finere stigning normalt strekkspenningsarealet At for samme nominelle diameter?;Finere gjenge gir normalt et større strekkspenningsareal.;Finere gjenge gir alltid mindre strekkspenningsareal.;Stigningen har ingen sammenheng med At.;At blir lik skruehodets areal.
686;MASG2159;M3;Skrueforbindelser 3.1;Hva kjennetegner MJ-gjengeprofilen sammenlignet med vanlig metrisk M-profil?;MJ har blant annet en avrundet rot på den utvendige gjengen for bedre utmattingsstyrke.;MJ har alltid 90° gjengevinkel.;MJ mangler delingsdiameter.;MJ brukes bare på treskruer.
687;MASG2160;M3;Skrueforbindelser 3.1;Hvorfor er gjengeroten et viktig område ved styrkevurdering av en skrue?;Geometrien gir spenningskonsentrasjon, og området kan være kritisk ved utmatting.;Fordi all klemkraft virker bare på gjengeroten.;Fordi gjengeroten har størst diameter.;Fordi gjengeroten ikke belastes i strekk.
688;MASG2161;M3;Skrueforbindelser 3.1;Hva menes med nominell skruediameter?;Diameteren som brukes i skruens størrelsesbetegnelse, for eksempel 12 mm i M12.;Den nøyaktige kjernediameteren.;Diameteren på skruehodet.;Diameteren på hullet skruen monteres i.
689;MASG2162;M3;Skrueforbindelser 3.1;Hva er hovedforskjellen mellom en bolt med mutter og en skrue montert i et gjenget hull?;Bolten får normalt inngrep i en mutter, mens skruen får inngrep direkte i innvendige gjenger i komponenten.;Bolten har gjenger, mens skruen ikke har gjenger.;Skruen har alltid større diameter enn bolten.;Det er ingen konstruktiv forskjell i hvordan gjengene får inngrep.
690;MASG2163;M3;Skrueforbindelser 3.1;Hvilke tre diametre brukes vanligvis for å beskrive geometrien til en skruegjenge?;Hoveddiameter, delingsdiameter og kjernediameter/minordiameter.;Hodediameter, skaftdiameter og hulldiameter.;Ytterdiameter, nøkkelvidde og gripelengde.;Stigning, lead og gjengevinkel.
691;MASG2164;M3;Skrueforbindelser 3.3;Hva menes med utmatting i en skrueforbindelse?;Gradvis skade og mulig brudd som følge av gjentatte eller varierende belastninger.;Brudd som oppstår når én enkelt last overstiger bruddstyrken.;Permanent deformasjon som bare skyldes høy forspenning.;Slitasje på gjengene som følge av montering.
692;MASG2165;M3;Skrueforbindelser 3.3;Hvorfor kan en skrue få utmattingsbrudd selv om maksimalspenningen er lavere enn materialets flytegrense?;Fordi gjentatte spenningsvariasjoner kan initiere og vokse en sprekk over mange lastsykluser.;Fordi flytegrensen ikke gjelder for gjengede skruer.;Fordi skruen alltid deformeres plastisk ved vekslende last.;Fordi utmatting bare bestemmes av maksimalspenningen.
693;MASG2166;M3;Skrueforbindelser 3.3;Hva er spenningsamplituden ved en varierende normalspenning?;Halve forskjellen mellom maksimal og minimal spenning.;Gjennomsnittet av maksimal og minimal spenning.;Summen av maksimal og minimal spenning.;Den maksimale spenningen alene.
694;MASG2167;M3;Skrueforbindelser 3.3;Hva er middelspenningen ved en varierende normalspenning?;Gjennomsnittet av maksimal og minimal spenning.;Halve forskjellen mellom maksimal og minimal spenning.;Den minimale spenningen alene.;Alltid lik null.
695;MASG2168;M3;Skrueforbindelser 3.3;Hvorfor er gjengene et kritisk område ved utmatting av skruer?;Gjengegeometrien gir spenningskonsentrasjoner som kan initiere utmattingssprekker.;Gjengene har alltid lavere materialfasthet enn skaftet.;Gjengene er normalt helt uten forspenning.;Gjengene belastes bare i skjær.
696;MASG2169;M3;Skrueforbindelser 3.3;Hvor oppstår en stor andel av utmattingsbruddene i bolter ifølge typiske observasjoner omtalt i Shigley?;I gjengene ved mutterens anleggsområde.;Midt på det glatte skrueskaftet.;I midten av skruehodets overside.;Kun i mutteren, ikke i bolten.
697;MASG2170;M3;Skrueforbindelser 3.3;Hvilke områder på en bolt fremheves som typiske steder for utmattingsbrudd?;Gjengene ved mutteren, gjengeovergangen og overgangen under skruehodet.;Bare midt på det ugjengede skaftet.;Kun skruespissen og mutterens overside.;Bare kontaktflaten mellom bolt og hull.
698;MASG2171;M3;Skrueforbindelser 3.3;Hva er hensikten med forspenning når en skrueforbindelse utsettes for varierende strekkbelastning?;Å redusere hvor stor del av den ytre lastvariasjonen som gir variasjon i boltkraften.;Å gjøre middelspenningen i bolten lik null.;Å fjerne all strekkspenning fra bolten.;Å gjøre bolten stivere enn de sammenklemte delene.
699;MASG2172;M3;Skrueforbindelser 3.3;Hvordan fordeles en ytre strekkraft P i en forspent forbindelse før spalteåpning?;Bare en andel C·P øker boltkraften, mens resten reduserer klemkraften.;Hele P øker alltid boltkraften.;Hele P reduserer boltkraften.;P påvirker ikke boltkraften så lenge forbindelsen er forspent.
700;MASG2173;M3;Skrueforbindelser 3.3;Hva beskriver stivhetskonstanten C = kb/(kb + km)?;Andelen av den ytre strekkraften som overføres som økt boltkraft.;Forholdet mellom boltens bruddstyrke og flytegrense.;Forholdet mellom forspenning og tiltrekkingsmoment.;Andelen av lasten som alltid tas opp av mutteren.
701;MASG2174;M3;Skrueforbindelser 3.3;Hvordan påvirker en liten verdi av C utmattingsbelastningen på bolten?;Den gir en liten variasjon i boltkraften ved varierende ytre last.;Den gir en stor variasjon i boltkraften.;Den fjerner boltens forspenning.;Den gjør at bolten tar hele den ytre lasten.
702;MASG2175;M3;Skrueforbindelser 3.3;Hva er gunstig for å få en liten stivhetskonstant C?;En relativt ettergivende bolt og relativt stive sammenklemte deler.;En svært stiv bolt og myke sammenklemte deler.;En kort og tykk bolt kombinert med myke deler.;At bolt og deler har nøyaktig samme stivhet.
703;MASG2176;M3;Skrueforbindelser 3.3;Hvorfor kan en lang og relativt ettergivende bolt være gunstig ved utmattingsbelastning?;Den kan redusere andelen av den varierende ytre lasten som tas opp av bolten.;Den eliminerer middelspenningen i bolten.;Den gjør gjengeroten fri for spenningskonsentrasjon.;Den gjør forspenning unødvendig.
704;MASG2177;M3;Skrueforbindelser 3.3;Hva skjer med boltkraftens variasjon dersom forbindelsen åpner seg og mister klemkraften?;Bolten må ta en langt større del, og etter full separasjon hele videre lastøkningen.;Boltkraftens variasjon blir mindre enn før.;Boltkraften blir konstant lik forspenningen.;Bolten blir fullstendig avlastet.
705;MASG2178;M3;Skrueforbindelser 3.3;Hvorfor er spalteåpning spesielt uheldig ved utmattingsbelastning?;Den øker spenningsvariasjonen i bolten og kan kraftig redusere utmattingslevetiden.;Den reduserer maksimalspenningen i bolten.;Den øker bare friksjonen mellom delene.;Den påvirker ikke utmatting så lenge bolten er sterk nok statisk.
706;MASG2179;M3;Skrueforbindelser 3.3;Hva er et sentralt mål ved dimensjonering av en utmattingsbelastet forspent skrueforbindelse?;Å holde spenningsamplituden i bolten lav og samtidig unngå spalteåpning.;Å gjøre forspenningen så lav som mulig.;Å la bolten ta hele den varierende lasten.;Å sørge for at middelspenningen alltid er null.
707;MASG2180;M3;Skrueforbindelser 3.3;Hvilket areal brukes normalt ved beregning av nominell strekkspenning i den gjengede delen av en bolt?;Strekkspenningsarealet At.;Arealet beregnet fra skruehodets diameter.;Hullets tverrsnittsareal.;Mutterens anleggsareal.
708;MASG2181;M3;Skrueforbindelser 3.3;Hva er en utmattings-spenningskonsentrasjonsfaktor Kf?;En faktor som tar hensyn til lokal spenningsøkning ved geometri og materialets hakkfølsomhet.;En faktor som bare beskriver boltens stivhet.;Forholdet mellom tiltrekkingsmoment og forspenning.;En faktor som angir antall gjenger i inngrep.
709;MASG2182;M3;Skrueforbindelser 3.3;Hvorfor er overgangen mellom skruehodet og skaftet kritisk ved utmatting?;Radien og geometriovergangen kan gi lokal spenningskonsentrasjon.;Fordi området aldri er forspent.;Fordi materialet alltid er mykere der.;Fordi området bare belastes i trykk.
710;MASG2183;M3;Skrueforbindelser 3.3;Hvordan kan en større overgangsradius under skruehodet normalt påvirke utmattingsstyrken?;Den kan redusere spenningskonsentrasjonen og forbedre utmattingsstyrken.;Den øker alltid spenningskonsentrasjonen.;Den har bare betydning for tiltrekkingsmomentet.;Den reduserer boltens strekkspenningsareal til null.
711;MASG2184;M3;Skrueforbindelser 3.3;Hvorfor kan rullede gjenger være gunstige for utmattingsstyrken sammenlignet med ugunstig maskinerte gjenger?;De kan gi gunstig overflate og trykkrestspenninger ved gjengeroten.;De gjør at bolten ikke trenger forspenning.;De fjerner all spenningskonsentrasjon i gjengene.;De gjør kjernediameteren større enn hoveddiameteren.
712;MASG2185;M3;Skrueforbindelser 3.3;Hva skjer med utmattingsfaren når spenningsamplituden øker, alt annet likt?;Utmattingsfaren øker og forventet levetid reduseres.;Utmattingsfaren reduseres.;Bare den statiske sikkerheten påvirkes.;Utmattingslevetiden blir alltid uendret.
713;MASG2186;M3;Skrueforbindelser 3.3;Hva uttrykker en S–N-kurve?;Sammenhengen mellom spenningsnivå/spenningsamplitude og antall lastsykluser til utmattingsbrudd.;Sammenhengen mellom tiltrekkingsmoment og forspenning.;Sammenhengen mellom gjengestigning og diameter.;Sammenhengen mellom boltstivhet og mutterhøyde.
714;MASG2187;M3;Skrueforbindelser 3.3;Hva brukes et Goodman-diagram eller Goodman-kriterium til ved utmattingsanalyse?;Til å vurdere kombinasjonen av middelspenning og spenningsamplitude mot utmattingssvikt.;Til å beregne gjengestigningen.;Til å beregne tiltrekkingsmoment direkte.;Til å bestemme antall gjenger i mutteren.
715;MASG2188;M3;Skrueforbindelser 3.3;Hvordan påvirker en høyere positiv middelspenning normalt tillatt spenningsamplitude i et Goodman-diagram?;Tillatt spenningsamplitude blir mindre.;Tillatt spenningsamplitude blir større.;Middelspenningen har ingen betydning.;Spenningsamplituden blir automatisk null.
716;MASG2189;M3;Skrueforbindelser 3.3;Hva er proof load/proof strength viktig for ved forspenning av en bolt?;Den gir et grunnlag for hvor høy forspenning bolten kan påføres uten permanent setning.;Den angir boltens utmattingslevetid direkte i antall sykluser.;Den angir gjengenes friksjonskoeffisient.;Den er alltid identisk med bruddstyrken.
717;MASG2190;M3;Skrueforbindelser 3.3;Hvorfor anbefales det ofte en relativt høy kontrollert forspenning i en godt dimensjonert utmattingsbelastet forbindelse?;Den bidrar til å opprettholde kontakt og begrense variasjonen i boltkraften.;Den gjør at bolten aldri har middelspenning.;Den gjør boltens stivhet uendelig stor.;Den eliminerer behovet for kontroll av maksimal boltkraft.
718;MASG2191;M3;Skrueforbindelser 3.3;Hva kan skje dersom forspenningen tapes under drift?;Lastvariasjonen i bolten kan øke, og risikoen for utmattingsbrudd kan bli større.;Utmattingsbelastningen blir alltid mindre.;Bolten får automatisk høyere proof strength.;Stivhetskonstanten C blir alltid null.
719;MASG2192;M3;Skrueforbindelser 3.3;Hvorfor bør man unngå skarpe geometriske overganger i en utmattingsbelastet bolt?;De gir lokale spenningskonsentrasjoner som fremmer sprekkinitiering.;De reduserer alltid middelspenningen.;De øker bare boltens masse.;De har ingen betydning ved vekslende belastning.
720;MASG2193;M3;Skrueforbindelser 3.3;Hva er den viktigste forskjellen mellom statisk dimensjonering og utmattingsdimensjonering av en skrueforbindelse?;Ved utmatting må både spenningsvariasjon, middelspenning, spenningskonsentrasjoner og antall lastsykluser vurderes.;Ved utmatting vurderes bare maksimal statisk kraft.;Ved statisk dimensjonering brukes materialdata, mens det ikke gjøres ved utmatting.;Det er ingen forskjell mellom statisk og utmattingsdimensjonering.
